id;name;artist;genres;style;resolution;length
IXmF4GbA86E;SOS;Rihanna;pop,rnb,dance;hiphop;640x352;241.045
NY_n387t9gA;Closer;The Chainsmokers;electronic,2016,halsey;electro;640x352;250.775
FfV_uZy8-j8;So Bad;Eminem;Hip Hop;hiphop;640x352;268.840
IJn-EHd7VeU;Let It Go;Wiz Khalifa;Hip Hop;hiphop;640x352;283.468
4voZpsokIiY;HUMBLE.;Kendrick Lamar;Rap/Hip Hop;hiphop;640x352;89.304
rtTQYA8fkxM;Boom (feat. MOTi, Ty Dolla $ign, Wizkid, & Kranium);Major Lazer;Electro;electro;640x352;185.272
MtKbRc23BrY;Grease;Future Islands;Alternative;rock;640x352;278.638
H3VCTcmmKUk;Swimming Pools;Gia Medley;hip hop,medley;hiphop;640x352;237.378
0YSCYUwxg_E;Yellow;Coldplay;Alternative,Indie Pop,Indie Rock,Pop,Indie Pop/Folk,Rock;rock;640x352;279.847
PKWFvbgkWls;Never Been;Taylor Gang;Hip Hop;hiphop;640x272;240.373
31crA53Dgu0;Cheap Thrills;Sia;Pop;pop;640x240;217.803
UknZiaIC9y8;Off The Record;Tinchy Stryder;Pop;pop;640x272;213.692
2hXwz0rNNVs;Hit It Raw;Young Scooter;Hip Hop;hiphop;640x272;211.092
g2nmgcVbfKE;Pon De Floor;Major Lazer;R&B/Soul/Funk;hiphop;640x352;221.030
W7zdMeZPkpY;Control (feat. Jay Electronica & Big Sean);Jay Rock;Hip Hop;hiphop;640x352;452.023
oeCihv9A3ac;Phenomenal;Eminem;Hip Hop;hiphop;640x256;441.898
fXSovfzyx28;Life In Technicolor ii;Coldplay;Alternative,Indie Pop,Indie Rock,Pop,Indie Pop/Folk,Rock;rock;640x352;272.903
YdHldlDpm6M;25 To Life;Eminem;Hip Hop;hiphop;640x352;241.742
49lY0HqqUVc;Kiss It Better;Rihanna;pop,love at first listen,rnb;hiphop;640x352;248.221
4u6bWs-ZG0o;Something Just Like This;The Chainsmokers;Dance;electro;640x352;260.203
qYNcHOTsopk;Something Just Like This;The Chainsmokers;Dance;electro;640x256;261.248
yFUAuIfJNJg;Get Like Me;Nelly;Hip Hop;hiphop;640x352;241.092
rA7KP__DaV8;Benjamins Burn;DJ Esco;Hip-Hop,rap,future;hiphop;640x352;307.942
eiNV4eWYpxU;Love on the Brain;Rihanna;soul,pop,Rihanna;pop;640x352;229.715
aq-7UBc3BPk;Charlie Brown (Live In Madrid 2011) - live;Coldplay;rock,alternative,britpop;rock;640x272;259.018
ODig-EXEUPE;Almost Famous;Eminem;Hip Hop;hiphop;640x352;291.177
-PZhroSY8-I;Watch Out For This (Bumaye);Busy Signal;dancehall,reggae,ragga;electro;640x352;285.930
5H87zMIllBo;Grindin';Lil Wayne;Hip Hop;hiphop;640x352;256.557
okeDc2eSJxE;Lesson Learned;Alicia Keys;Pop,International Pop,R&B/Soul/Funk,Contemporary R&B;hiphop;640x352;326.101
zoYgCg6i9C8;Despacito (Remix);Luis Fonsi;Pop;pop;640x352;250.172
1-ZEJxibLrU;See No Future;Graveworm;Rock,Metal/HardRock;rock;640x352;312.285
U17_7VRTPmo;Colours;Calvin Harris;Alternative,Indie Rock,Electro,Dance,Pop,Rock;rock;640x352;261.990
epkcoQmSUT0;Dear Old Nicki;Nicki Minaj;Hip Hop,Pop,Rock,R&B/Soul/Funk,Contemporary R&B;rock;640x352;232.989
HL1UzIK-flA;Work ;Rihanna;pop,rnb,female vocalists;hiphop;640x352;454.043
BQNiC9NguJ0;Bad Guy;Eminem;Hip-Hop,rap,hip hop;hiphop;640x352;434.188
sxpd4c_tiLI;Trust Issues Remix;Drake;Hip-Hop,rap,rnb;hiphop;640x352;201.178
2vkko-vX06I;My Favorite Part;Mac Miller;Hip-Hop,jazz,played;hiphop;640x352;216.108
E58qLXBfLrs;Can't Tell Me Nothing;Kanye West;Hip Hop;hiphop;624x352;271.718
1Uw6ZkbsAH8;Princess of China;Rihanna;Alternative,Rock;rock;640x256;214.715
OKHT7-TDPoQ;Raw;Wiz Khalifa;Hip Hop;hiphop;640x352;226.533
-NPx9geRcJU;Tattooed Heart;Ariana Grande;Pop;pop;640x352;193.978
TEDkZ02pmWo;Warning Sign;Coldplay;Alternative,Indie Pop,Indie Rock,Pop,Indie Pop/Folk,Rock;rock;640x352;297.725
Io0fBr1XBUA;Don't Let Me Down;The Chainsmokers;daya,electronic,pop;electro;640x256;217.850
b4ozdiGys5g;Dig Down;Muse;Electronic;electro;640x256;254.978
NaTGwlfRB_c;Secrets;The Weeknd;amazing,rnb,dance;hiphop;640x272;417.100
xLMoxjfPUW4;The Monster;Shaun Reynolds;rnb,pop,UK;hiphop;640x352;345.907
nF3y6vWf71E;Starboy (Kygo Remix);Kygo;Electro,Dance;electro;640x304;142.338
BQeMxWjpr-Y;Midnight;Coldplay;Alternative,Rock;rock;640x352;307.663
my0qJGUxrE0;Ex Calling;6LACK;Rap/Hip Hop;hiphop;640x352;220.658
QIFnS4X90x4;Pull Up (feat. Lil Uzi Vert);Wiz Khalifa;rap,Lil Uzi Vert;hiphop;640x256;209.095
Lmxcp_i9T3s;No Permission;Wiz Khalifa;Hip-Hop,rap,underground hip-hop;hiphop;640x352;149.328
bpOR_HuHRNs;Wild Ones - feat. Sia;Flo Rida;dance,pop,Hip-Hop;hiphop;640x352;234.823
L5Gj2wfj-zw;Reaper;Sia;pop,female vocalists,australian;pop;640x352;231.573
mQvteoFiMlg;The Way I Am;Eminem;rap,Eminem,Hip-Hop;hiphop;624x272;301.858
RMM2-qudDvo;W.T.P.;Eminem;Hip Hop;hiphop;640x352;259.622
438fndL6pJ0;Up&Up;Coldplay;british,pop,rock;rock;640x352;303.810
m04jl8VxSic;Neep;Abstract Posters;Electro,Techno/House;electro;640x352;420.048
790QLBpW8ek;Patiently Waiting;50 Cent;Pop;pop;640x352;293.500
CiP3jC9CQUk;Elevated;Wiz Khalifa;Rap/Hip Hop;hiphop;640x352;259.646
0c-xvXxzZzw;My Brothers;Ralo;Hip-Hop,rap,trap;hiphop;640x352;243.298
it_04dk_97E;Best Friend;Yelawolf;Hip Hop;hiphop;640x240;304.738
bY4F5s9mMO4;Love Game;Eminem;Hip-Hop,hip hop,rap;hiphop;640x352;297.006
ylT16QB6Uig;The New Workout Plan;Kanye West;Hip Hop;hiphop;624x352;486.178
b-3BI9AspYc;What Now;Rihanna;Pop;pop;640x240;248.593
D8yJsYMUW_k;Desperado;Rihanna;rnb,Hip-Hop,hip hop;hiphop;640x208;202.385
KdS6HFQ_LUc;S&M;Rihanna;Dance,Pop,Rock,R&B/Soul/Funk,Contemporary R&B;rock;640x352;243.088
faMPUonEC2A;FourFiveSeconds;Rihanna;pop,Kanye West,paul mccartney;pop;640x352;188.430
8ELh8eOzq_0;Kanye;The Chainsmokers;Dance;electro;640x288;253.771
DJsjJBbOg2k;Only One;Kanye West;Hip Hop,Pop;hiphop;640x352;137.323
cEmrvCiEapM;Touchin, Lovin (feat. Nicki Minaj);Trey Songz;R&B/Soul/Funk;hiphop;640x352;279.265
DFSG8KfIvBY;Smoke A Nigga;Juicy J;Hip Hop;hiphop;640x352;257.927
mIBjdKn97T4;Runaway Baby;Bruno Mars;Pop;pop;640x352;168.855
55AUYnFKJGQ;That’s What I Like;Bruno Mars;Pop;pop;640x352;218.243
Z1FK7yKRVXQ;Now Hear This G (DJ Becky Shower Remix);DJ Dirty Dave;Dance;electro;640x288;183.879
oFB-6Ncxmjc;Grand Piano;Nicki Minaj;Hip Hop,Pop;hiphop;640x352;260.178
3AtDnEC4zak;We Don't Talk Anymore;Charlie Puth;pop,duet,Selena Gomez;pop;640x352;230.458
cmoCYFfKQtc;Kanye;The Chainsmokers;Dance;electro;640x352;261.573
Wc3DDIZK3c0;Breathe Me;Sia;Pop;pop;640x352;191.123
HqTNDJgvaj0;Ain't You Had Enough Love;Phyllis Hyman;quiet storm,rnb,Old School soul;hiphop;640x352;209.560
YIHRlWmeodY;Money Come;Zuse;hip hop,electronic,rap;hiphop;640x352;144.869
kBsycvSU6r8;Sidewalks;The Weeknd;Hip-Hop,kendrick lamar,rap;hiphop;640x240;719.610
nwyjxsOYnys;Silas' Room;Smigg Dirtee;Hip Hop;hiphop;640x352;196.812
ixAK_UvLu0A;The Recipe;Kendrick Lamar;rap,chillout,hip hop;hiphop;640x304;344.445
tg00YEETFzg;We Found Love;Rihanna;Pop;pop;640x352;275.412
-u08GXzjJrM;Say Yeah;Wiz Khalifa;Hip Hop;hiphop;640x352;245.433
sunoA3R1YF8;Colossal;Future;Hip Hop;hiphop;640x352;196.463
O6RjAeIS0w0;Everyday;Ariana Grande;Pop;pop;640x352;196.441
4fnN52gA5oM;How Deep Is Your Love;Ali Brustofski;pop,indie pop,singer-songwriter;pop;640x352;240.720
BPNTC7uZYrI;Up&Up;Coldplay;british,pop,rock;rock;640x352;250.520
afUuzGTCtuw;On & On ;Cartoon;Dance;electro;640x352;206.402
J6ZWlDks0nQ;Paradise - Radio Edit;Coldplay;rock,alternative,britpop;rock;640x352;278.129
E1mU6h4Xdxc;Disturbia;Rihanna;Dance,Hip Hop,Pop,Rock,R&B/Soul/Funk;rock;640x272;261.410
euCqAq6BRa4;Let Me Love You;DJ Snake;Pop;pop;640x256;205.311
7yQdrxxPiKQ;How It Was (feat. Future);Dj Esco;Hip Hop;hiphop;640x352;277.803
YtG-c1Thfco;Kitchen Sink;Twenty One Pilots;Alternative;rock;640x352;324.312
0k_1kvDh2UA;Speed Of Sound;Coldplay;Alternative,Indie Pop,Indie Rock,Pop,Indie Pop/Folk,Rock;rock;640x352;269.258
uxpDa-c-4Mc;Hotline Bling;Drake;Hip Hop;hiphop;640x352;295.520
Oxo_9KbVS0I;Senile;Young Money;Hip-Hop,hip hop,rap;hiphop;640x272;233.360
i5Sutf3rg94;Fading;Rihanna;Pop,R&B/Soul/Funk,Contemporary R&B;hiphop;640x352;204.103
hbJuEFs7-kU;Fix You;Coldplay;Alternative,Indie Pop,Indie Rock,Pop,Indie Pop/Folk,Rock;rock;640x352;270.652
m2QoJqBdfGE;Still Blazin';Wiz Khalifa;Rap/Hip-Hop;hiphop;640x352;207.052
EZW7et3tPuQ;Backseat Freestyle;Kendrick Lamar;hip hop,Hip-Hop,rap;hiphop;640x352;284.514
IqYFWQcnBXA;Criminal;Eminem;rap,Hip-Hop,Eminem;hiphop;640x320;287.183
9vMh9f41pqE;Tremor;Dimitri Vegas & Like Mike;Dance;electro;640x352;198.461
i_FXF5tR74U;Something Just Like This;The Chainsmokers;Dance;electro;640x352;239.862
iiNXf0n_hrA;Let You Go (Mix Show Edit);The Chainsmokers;Dance;electro;640x256;245.505
SZ4SNgRQduE;Business;Eminem;rap,Hip-Hop,Eminem;hiphop;640x352;249.312
n4ZIPIwGkGk;Watch Out For This (Bumaye);Busy Signal;dancehall,reggae,ragga;electro;640x352;273.507
MBmDssOeOqU;Bird Set Free;Sia;love at first listen,pop,female vocalists;pop;640x256;260.946
dGghkjpNCQ8;Feel so Close - Radio Edit;Calvin Harris;dance,electronic,pop;electro;640x256;246.293
6CHs4x2uqcQ;Good Morning;Kanye West;Hip Hop;hiphop;640x352;187.128
m9fUYcxP1UA;Fall For Your Type;Jamie Foxx;R&B/Soul/Funk;hiphop;640x352;290.249
J9NfIai2vZs;Inside Out;The Chainsmokers;electronic,House,electro house;electro;640x272;235.869
WC8s_za_6g0;Cancer;twenty one pilots;indie,pop,rock;rock;640x352;93.042
ppL8VzT4LsI;Sound Bang;Major Lazer;seen live,dancehall,electronic;electro;640x352;230.410
svIxm6Zn1_o;MIA;DJ SPIN ONE;Hip Hop;hiphop;640x352;216.780
ytIfSuy_mOA;Get Free (feat. Amber of Dirty Projectors);Major Lazer;alternative,experimental,dancehall;rock;640x352;241.487
2TlF9d7_K_o;Closer (Parody);Bart Baker;youtube,parody,pop;pop;640x352;219.730
Q0yS53QjLqg;No Flex Zone;Rae Sremmurd;Hip Hop;hiphop;640x256;165.673
YkwQbuAGLj4;Touch The Sky;Kanye West;Hip Hop;hiphop;624x352;325.473
hXM0w1DPL3I;Reefer Party;Wiz Khalifa;Hip Hop;hiphop;640x352;436.650
A-lebYNcgBk;Closer;Alex Goot;pop,singer-songwiter,cover;pop;640x288;200.086
iW5EzxFR4SM;Ego;Beyoncé;Pop,R&B/Soul/Funk,Contemporary R&B;hiphop;640x352;292.245
FEKEjpTzB0Q;Good Life;Kanye West;Hip Hop,Pop;hiphop;640x352;229.760
RubBzkZzpUA;Started From the Bottom;Drake;Rap/Hip Hop;hiphop;640x352;320.505
m4S2avleyeM;Push Thru;Talib Kweli;Hip Hop;hiphop;640x352;312.959
yC1Z-SW5CVY;Mary 3x;Wiz Khalifa;Hip Hop;hiphop;640x352;218.360
8PTDv_szmL0;Nothin' On You (feat. Bruno Mars);B.o.B;Hip Hop;hiphop;640x352;230.155
fUiZ5vz9pUw;Maan;Juicy J;Hip Hop;hiphop;640x272;250.890
9o3Wg7vI-0w;Never Give Up;Sia;Soundtrack,pop,australian;pop;640x256;225.814
B3eAMGXFw1o;Bitch Better Have My Money;Rihanna;Pop;pop;640x352;421.860
g0LJNEQz-E4;Balance;Future Islands;Alternative;rock;640x352;261.317
z9BPMjL44Aw;Miracles (Someone Special);Coldplay;Alternative;rock;640x320;282.423
qbbQb9bEcDQ;Cartoon;Kendrick Lamar;Hip Hop;hiphop;640x352;408.462
b87dBaL4qI0;Almost Is Never Enough;Ariana Grande;Pop;pop;640x272;224.862
pSx1p-WrT4k;Playtime;Justin Bieber;pop,black metal,justin bieber;rock;640x352;159.010
ICaTsTkBPV8;Erase Me;Kid Cudi;Hip Hop;hiphop;640x352;235.775
EzqNtvQiCro;Anathema;Twenty One Pilots;Pop,Rock;rock;640x352;240.419
r2ozuCXpVJY;City ambience x12;Movie Sound Effects;Pop;pop;640x352;280.218
0HeCYMb_lR8;Mortal Man;Kendrick Lamar;Hip Hop;hiphop;640x352;313.097
51RHQnXhzjg;Stay;Julia Sheer;Rock;rock;640x352;246.921
nhBorPm6JjQ;California King Bed;Rihanna;Pop;pop;640x320;283.214
ya-kUZdoleY;Diamonds;Madilyn Bailey;Rock;rock;640x352;199.877
pJtlLzsDICo;Hometown;twenty one pilots;Alternative,Electro,Dubstep,Hip Hop;rock;640x352;235.172
MlzrC-B6n-M;Wouldn't Get Far;The Game;Pop;pop;640x352;252.980
UFOVpYJIqrY;On Fire;Eminem;Hip Hop;hiphop;640x352;216.317
FBn3k-w2YxY;The Future Is Now;Jesper Binzer;rock,hard rock,danish;rock;640x352;237.748
pNNMr5glICM;There For You;Martin Garrix;Dance;electro;640x272;220.148
8aRor905cCw;Billionaire (Feat. Bruno Mars);Travie McCoy;Pop;pop;640x352;213.553
ipUbf0W7VUg;Side To Side;Ariana Grande;Pop;pop;640x256;170.597
HDI9inno86U;Fairly Local;twenty one pilots;Alternative;rock;640x256;212.602
6s1DkSCkU9M;Wicked Ways;Eminem;Hip-Hop,hip hop,rap;hiphop;640x352;300.535
CccnAvfLPvE;Worst Behavior;Drake;hip hop,rap,mofuckah;hiphop;640x352;277.920
DGIgXP9SvB8;#thatPOWER;will.i.am;Dance;electro;640x304;292.897
ILTZ8qZbNK0;Chandelier;Sia;Pop;pop;640x352;275.249
j5-yKhDd64s;Not Afraid;Eminem;Hip Hop;hiphop;640x256;258.785
pSFyrrhKj1Q;Your Love;Nicki Minaj;Hip Hop,Pop,R&B/Soul/Funk,Contemporary R&B;hiphop;640x352;245.573
oHmBf4ExtZk;Everyday;Ariana Grande;Pop;pop;640x240;197.788
DATeKnxceP4;Coldplay;David Ryan Harris;Pop,Singer & Songwriter;pop;640x352;248.477
iECYZklHd74;Something Just Like This;The Chainsmokers;Dance;electro;640x352;247.107
e-fA-gBCkj0;Locked Out Of Heaven;Bruno Mars;Pop;pop;640x352;234.218
lWA2pjMjpBs;Diamonds;Rihanna;Pop;pop;640x192;282.842
fhshMjRNhs0;Alive;Sia;Pop;pop;640x352;263.616
LDj8kkVwisY;My Name Is;Eminem;rap,Hip-Hop,Eminem;hiphop;624x352;248.012
Zen9yCyn4VA;Cheap Thrills;Sia;Pop;pop;640x352;226.418
Bpy4osay3vY;Doubt;twenty one pilots;Alternative,Electro,Dubstep,Hip Hop;rock;640x352;311.078
jWsdlH3qizM;Losers;The Weeknd;rnb,10s,Labrinth;hiphop;640x352;233.477
YVkUvmDQ3HY;Without Me;Eminem;rap,Hip-Hop,Eminem;hiphop;624x352;299.282
IvN5h9BE444;The Night Is Still Young;Nicki Minaj;Hip Hop,Pop;hiphop;640x352;246.920
uelHwf8o7_U;Love The Way You Lie;Eminem;Hip Hop;hiphop;640x352;266.937
yzTuBuRdAyA;The Hills (Clean);The Weeknd;Pop;pop;640x352;234.151
gdx7gN1UyX0;Company;Justin Bieber;pop,Love,Canadian;pop;640x352;207.935
EMPOVo-K7HM;F*ck Your Ethnicity;Kendrick Lamar;Hip Hop;hiphop;640x352;180.975
MAdqQ70o2I8;Future;Early Seasons;Rock,Metal/HardRock;rock;640x272;244.737
xVqsS8RT88o;Never Give Up;Sia;Soundtrack,pop,australian;pop;640x240;223.701
n_NwJLbzATY;Seven Million (feat. Future);Lil Uzi Vert;Hip-Hop,future,trap;hiphop;640x352;171.873
G-notIVdT4w;Forever;Eminem;Hip Hop;hiphop;640x320;193.143
rcOVxiD4W7c;Drippn (How U Luv That) (feat. Future);Purple Reign;female vocalists,r&b,female vocalist;hiphop;640x352;191.773
Ys7-6_t7OEQ;Beauty And A Beat;Justin Bieber;Pop;pop;640x352;292.897
G5Mv2iV0wkU;Roses;The Chainsmokers;Electro;electro;640x208;240.048
rTAZlHGOVo8;Bake Sale;Wiz Khalifa;Rap/Hip Hop;hiphop;640x304;243.972
q22qP_0b3-I;Sucker;Future Thieves;rock,alternative,alternative rock;rock;640x272;199.273
xETC86u7eJo;House Of Gold;Twenty One Pilots;Alternative;rock;640x352;210.210
wWDUMfL2rV8;Cheap Thrills;Jenny;Garage Rock,Eurovision,indonesian;rock;640x352;163.747
CYJpVtgW_-g;It Will Rain;Bruno Mars;Pop,Films/Games,Film Scores;pop;640x352;254.862
mYgkp3rTLuk;Blasting the Club VIP;1-Zero;Pop;pop;640x240;157.918
yw6i1SAHetc;Cancer;twenty one pilots;indie,pop,rock;rock;640x352;237.261
Ud-z3qZeeEA;Future;Arc Flash;Lo-Fi,Garage Rock;rock;640x352;206.192
I5canBXoCyU;Heavy Dirty Soul;twenty one pilots;Alternative,Electro,Dubstep,Hip Hop;rock;640x352;196.580
KxJLYM9XOT4;Promises;Wiz Khalifa;Hip Hop,R&B/Soul/Funk,Contemporary R&B;hiphop;640x272;193.305
yTay2mZhiXA;Selfish;Future;Rap/Hip Hop;hiphop;640x352;251.704
A9RPmjFeXeE;One Last Time;Ariana Grande;Pop;pop;640x352;208.515
ktBMxkLUIwY;Holding On To You;Twenty One Pilots;Alternative;rock;640x352;267.610
fy6rpExn57A;House Of Gold;Twenty One Pilots;Alternative;rock;640x352;190.961
-iVF5B2JpZ8;Touch The Sky;Kanye West;Hip Hop;hiphop;640x352;734.215
6Djhc3Xb4eU;Alive;Kenz;Hip-Hop,podcast,jazz-hop;hiphop;640x352;242.834
rAq585rAUbU;Drips;Eminem;rap,hip hop,Eminem;hiphop;640x352;280.172
RDMsf0FoaMQ;Trees;Twenty One Pilots;Alternative;rock;640x272;267.238
D55rDDvu3n4;Devil In A New Dress;Kanye West;hip hop,rap,Kanye West;hiphop;640x352;209.815
rtodyi12q-4;DnF;P Reign;Hip Hop;hiphop;640x272;276.991
wmvQcajq9Eo;Cinderella Man;Eminem;Hip Hop;hiphop;640x352;279.707
sbKL_QRwI-Q;The Greatest ;Sia;Pop;pop;640x352;367.781
xtIr8k4eC7o;Sing About Me, I'm Dying Of Thirst;Kendrick Lamar;Hip-Hop,rap,hip hop;hiphop;640x352;420.142
8aShfolR6w8;i;Kendrick Lamar;Hip Hop;hiphop;640x352;282.076
rFUB3hsY7ss;Gifted;French Montana;Hip Hop;hiphop;640x272;257.765
7FIOVIOvMWY;Hood Gone Love It;Jay Rock;rap,hey,kendrick lamar;hiphop;640x320;233.035
B_gt1etlEoI;Michael Jordan;Kendrick Lamar;Hip Hop;hiphop;640x240;380.505
i602gOecGbc;Crack A Bottle;Eminem;Hip Hop;hiphop;640x352;297.725
OmliBRZUxnk;All Around The World;Justin Bieber;pop,justin bieber,all around the world;pop;640x352;255.025
myamTUmNob0;We All Want Love;Rihanna;Pop;pop;640x352;290.737
7F37r50VUTQ;I Don’t Wanna Live Forever (Fifty Shades Darker);ZAYN;Soundtrack,taylor swift,pop;pop;640x256;256.488
AtKZKl7Bgu0;I Need Your Love;Ellie Goulding;Dance;electro;640x352;226.928
VkXjvHfP3MM;No Frauds;Nicki Minaj;rap,Hip-Hop,hip hop;hiphop;640x352;324.592
I-BIZ_37Oog;Rooftops (feat. Curren$y);Wiz Khalifa;Hip Hop;hiphop;640x352;260.828
Q821mNXNw-I;Famous;Kanye West;rap,Hip-Hop,Rihanna;hiphop;640x352;200.760
fOSpFf6wTBk;Roses;The Chainsmokers;Electro;electro;640x352;243.554
EEuQU6a90Pc;Next To You;Chris Brown;R&B/Soul/Funk;hiphop;640x352;363.137
3h71v0tG59k;Feel so Close - Radio Edit;Calvin Harris;dance,electronic,pop;electro;640x352;217.268
OrlAKCdc18E;Can't Lie (feat. Future);Ralo;Hip Hop;hiphop;640x352;269.443
iuc19oVw39c;Paris (VINAI Remix);The Chainsmokers;electronic,remix,2017;electro;640x272;209.142
9dcVOmEQzKA;Come as You Lose it;Eminem;rap,Hip-Hop,Eminem;hiphop;624x352;245.550
YWt4wmZ_EMI;Lighters;Bad Meets Evil;Hip Hop;hiphop;640x256;308.267
u3VTKvdAuIY;It Ain't Me;Kygo;electronic,pop,dance;electro;640x352;241.209
plP8nLPEw0A;Lose Yourself;Eminem;Pop;pop;640x352;317.532
cr-Lj9TnJOE;Amen;Meek Mill;Hip Hop;hiphop;640x352;296.263
JRfuAukYTKg;Titanium;David Guetta;dance,electronic,David Guetta;electro;640x256;245.249
1aEImx74gLA;Best Rap Songs Of Each Year;DJ Max Star;Pop;pop;640x352;281.007
_ZTYgq4EoRo;For Free?;Kendrick Lamar;Hip Hop;hiphop;640x256;132.563
LDZX4ooRsWs;Anaconda;Nicki Minaj;rap,very intelligent lyrics,Hip-Hop;hiphop;640x256;289.623
SOI4OF7iIr4;Somebody To Love;Justin Bieber;Pop;pop;640x272;218.268
2JdBDp9GbpA;Spectrum (Say My Name);Florence + The Machine;Dance;electro;640x352;218.082
v7iQ-mcPciY;Closer;The Chainsmokers;electronic,2016,halsey;electro;640x272;257.392
m8Ed8in9Qng;The Other Side;Bruno Mars;Pop;pop;640x352;240.210
M6t47RI4bns;Blessings;Big Sean;Hip Hop;hiphop;640x272;311.333
IakDItZ7f7Q;Violet Hill;Coldplay;Alternative,Indie Pop,Indie Rock,Pop,Indie Pop/Folk,Rock;rock;640x352;223.817
LQ488QrqGE4;Homecoming;Kanye West;Hip Hop,Pop;hiphop;640x352;204.312
4Z9b2HiW_L8;Problem;Pentatonix;Pop;pop;640x352;217.176
hk9K032K7UM;Talking to the Moon;Bruno Mars;pop,Love,rnb;hiphop;640x352;205.705
fwrY0D2ACNk;Throw Sum Mo;Rae Sremmurd;Hip Hop;hiphop;640x256;268.050
7oxSjw83u5E;Coldest Winter;Pentatonix;a cappella,pop,futuristic;pop;640x352;179.281
8W_1vg7W6Oo;Watch Out For This (Bumaye);Busy Signal;dancehall,reggae,ragga;electro;640x352;325.705
TsMMuXZZUm8;The City;Game;Hip Hop;hiphop;640x240;326.891
8tEyAAniu5U;That’s Me Right There;Jasmine V;Pop;pop;640x352;295.381
bJuWlMFToNo;Baby I;Ariana Grande;Pop;pop;640x352;203.593
a35rNEBNiO4;Aston Martin Music;Rick Ross;Hip Hop;hiphop;640x352;406.117
gaOHg-Jsrj8;Keys Nicki Minaj Diss;keys;Hip-Hop,hip hop,rap;hiphop;640x352;196.185
D7IoXbkQUsA;Ballin;Juicy J;rap,repetitive,hiphop;hiphop;640x224;229.274
Bp0phVuGjdU;Keisha's Song (Her Pain);Kendrick Lamar;Hip Hop;hiphop;640x304;197.462
6Sst02Q6OE0;More And More;Wiz Khalifa;Hip-Hop,rap,underground hip-hop;hiphop;640x352;225.187
M8C8XJpxYdQ;Polarize;twenty one pilots;Alternative,Electro,Dubstep,Hip Hop;rock;640x256;223.980
ytQ5CYE1VZw;'Till I Collapse;Eminem;rap,Eminem,Hip-Hop;hiphop;640x272;298.608
dqHFSuLadOU;Big Girls Cry;Sia;France,Pop,International Pop;pop;640x352;212.463
WckScK2Kkx0;SuperBowl Funk;Ana Free;Pop,Rock;rock;640x352;234.172
9C7L0nCcsGo;Roman's Revenge;Nicki Minaj;Hip Hop,Pop,Rock,R&B/Soul/Funk,Contemporary R&B;rock;640x352;205.240
D4hAVemuQXY;Sing For The Moment;Eminem;rap,Eminem,Hip-Hop;hiphop;624x352;327.702
_dGu72BHD7Y;Cheap Thrills;Sia;Pop;pop;640x352;245.481
1vehcmdWNUA;Collard Greens;Schoolboy Q;Hip Hop;hiphop;640x256;306.318
WsptdUFthWI;Closer (feat. Sarah Hyland);Boyce Avenue;Pop,Rock,Singer & Songwriter;rock;640x352;244.344
kFLGTT4_lO4;Tony Montana;Gp The Beast;Hip Hop;hiphop;640x352;275.412
whwe0KD_rGw;Despacito;Luis Fonsi;Dance;electro;640x352;230.085
j47MYli8pj4;#TWERKIT;Busta Rhymes;Hip Hop;hiphop;640x352;277.013
qNk-xjCISYQ;Heathens;Twenty One Pilots;alternative,love at first listen,Soundtrack;rock;640x256;276.318
HaivSgO1qE0;Can't Feel My Face;The Weeknd;Pop,R&B/Soul/Funk;hiphop;640x352;297.726
pa14VNsdSYM;Only Girl (In The World);Rihanna;Pop,Rock,R&B/Soul/Funk;rock;640x272;250.635
v1ySZ1M8Dfc;Wild Ones;Madilyn Bailey;Rock;rock;640x352;242.765
rNsP4nE1_FA;Waterbed;The Chainsmokers;dance,synthpop,10s;electro;640x256;222.703
lWzdORxIbNk;Come On To Me (feat. Sean Paul);Major Lazer;dancehall,moombahton,Eargasm;electro;640x256;198.577
QjlFqgRbICY;A.D.H.D;Kendrick Lamar;Hip Hop;hiphop;640x352;225.443
n2zgJkRspfk;Something Just Like This;The Chainsmokers;Dance;electro;640x352;241.766
Y7OCgi7rANc;Powerful;Major Lazer;pop,synth,dancehall;electro;640x352;207.260
TQFaAbZhs94;X (feat. Future);21 Savage;rap,hiphop,future;hiphop;640x352;259.320
EJ5KlZNh1WA;La La La;Snoop Lion;Hip Hop;hiphop;640x352;219.103
q-35q9ISBsI;R.I.C.O. (feat. Drake);Meek Mill;Hip Hop;hiphop;640x352;198.020
i3jUme7_5wY;Again;Natasha Bedingfield;Electro,Dance,Pop,Rock;rock;640x352;236.472
lgT1AidzRWM;Beautiful;Eminem;Hip Hop;hiphop;640x256;254.560
qdDVtFvJwUc;Love Me;Justin Bieber;Pop;pop;640x352;193.167
Avx35Mjkkhw;Live My Life;Far East Movement;Pop;pop;640x352;282.424
cie140M_Wjo;Light My Body Up (feat. Nicki Minaj & Lil Wayne);David Guetta;pop,Hip-Hop,electronic;hiphop;640x352;226.115
7cDYYvOhKwg;Codeine Crazy;Future;Hip Hop;hiphop;640x352;363.647
BBAtAM7vtgc;Bound 2;Kanye West;Hip Hop;hiphop;640x352;253.214
56N9anA_PYc;Never Give Up;Sia;Soundtrack,pop,australian;pop;640x304;222.563
HziChUj-moY;Move Your Body (Single Mix);Sia;pop,dance,electronic;electro;640x272;248.825
wvX1-iEAqTU;Closer;The Chainsmokers;electronic,2016,halsey;electro;640x352;245.828
PfGaX8G0f2E;I'll Show You;Justin Bieber;pop,dance,justin bieber;electro;640x352;200.829
6eHWVpqbMco;Alive;Sia;Pop;pop;640x256;180.024
tL715hoVb1U;We Are the Future;Crossfaith;Rock,Metal/HardRock;rock;640x272;218.870
SCG4-CTQtW0;Adaptation;The Weeknd;R&B/Soul/Funk;hiphop;640x352;283.980
qSF247RiwBo;Warning;Nicki Minaj;Rap/Hip Hop;hiphop;640x272;216.780
H3evCDEXp4I;Unstoppable;Sia;pop,powerful,female vocalists;pop;640x256;224.003
2_ScGcuXZqc;Twenty Eight;The Weeknd;R&B/Soul/Funk;hiphop;640x224;269.816
GMH7L1_lPVs;The Statement;Taylor Gang;Hip Hop;hiphop;640x352;166.300
fNdeLSKSZ1M;Fire Meet Gasoline;Sia;France,Pop,International Pop;pop;640x256;245.923
t2NgsJrrAyM;Alive;Sia;Pop;pop;640x224;300.211
oyEuk8j8imI;Love Yourself;Justin Bieber;Pop;pop;640x352;272.208
HkVS79y4p4Y;Why You Always Hatin?;YG;Rap/Hip Hop;hiphop;640x352;253.817
gQh87Rt0czM;Headlines;Drake;Hip Hop;hiphop;640x352;254.675
08eonrytDGc;Wrecking Ball;Miley Cyrus;Pop;pop;640x352;224.490
Q3Qwx9ib6YM;m.A.A.d city;Kendrick Lamar;rap,Hip-Hop,2012;hiphop;640x352;155.504
3n71KUiWn1I;Fly;Nicki Minaj;Hip Hop,Pop,Rock,R&B/Soul/Funk,Contemporary R&B;rock;640x352;275.365
yWeuUwpEQfs;Don't Panic;Coldplay;Alternative,Indie Pop,Indie Rock,Pop,Indie Pop/Folk,Rock;rock;640x352;196.068
lGKG0mlin6A;The Sleaze;Wiz Khalifa;Hip Hop;hiphop;640x272;265.497
cAX0xgHoB6k;All Of The Lights (Interlude);Kanye West;instrumental,hip hop,beautiful;hiphop;640x352;322.850
gOMhN-hfMtY;Stan;Eminem;rap,Hip-Hop,Eminem;hiphop;624x256;489.662
VICpS9XCYmI;Fairly Local;twenty one pilots;Alternative;rock;640x352;212.602
hWmgsfiklcs;Slow Jamz (Feat. Kanye West & Jamie Foxx) (Edited Album Version);Twista feat. Kayne West & Jamie Foxx;Hip Hop;hiphop;640x352;219.382
HZ98Io4W3po;The Art of Peer Pressure;ケンドリック・ラマー;hip hop,rap,alternative hip hop;rock;640x352;278.384
cnc4ei0rKYQ;Elevator;Eminem;Hip Hop;hiphop;640x352;235.125
NGLxoKOvzu4;Swalla (feat. Nicki Minaj & Ty Dolla $ign);Jason Derulo;Pop;pop;640x352;235.032
weweLG6Or-g;Love In The Sky;The Weeknd;R&B/Soul/Funk;hiphop;640x272;102.400
IZiYveiYuAI;Cheap Thrills;Sia;Pop;pop;640x352;212.973
vGZMvV9KBp8;A Head Full Of Dreams (Live In Buenos Aires);Coldplay;rock,alternative,britpop;rock;640x352;299.142
1FCyRLJevqI;Heavy Dirty Soul;twenty one pilots;Alternative,Electro,Dubstep,Hip Hop;rock;640x256;234.080
obcBPXLyMzY;Overdrive (Part 2) (Club Edit);Calvin Harris;electronic,dance,electro;electro;640x288;171.943
MEkGaPyYS2w;m.A.A.d city;Kendrick Lamar;rap,Hip-Hop,2012;hiphop;640x352;364.460
uKdYs6xhnhU;Beautiful Pain;Eminem;Hip-Hop,rap,Eminem;hiphop;640x352;267.540
zcjCsvA_3oI;The Recipe;Kendrick Lamar;rap,chillout,hip hop;hiphop;640x352;202.617
N7y9d478ZHE;Maison Margiela;Future;Hip Hop;hiphop;640x272;222.493
jBNif9kUvkE;Collard Greens;Schoolboy Q;Hip Hop;hiphop;640x352;279.684
a_3bqSpmtQw;All We Know;The Chainsmokers;pop,2016,future bass;pop;640x272;195.675
6ACl8s_tBzE;Blame;Calvin Harris;Dance;electro;640x256;255.070
fo4p5GJDk_g;Ride;Twenty One Pilots;rock,alternative,indie;rock;640x256;238.748
3U72hzeBLOw;Flo Rida - Good Feeling;Ultimate Tribute Stars;Dance;electro;640x256;200.040
3XR5mhXtpXw;Passionfruit;Rajiv Dhall;pop,singer-songwriter,dance;electro;640x256;190.822
avFq9errZCk;Tuesday (feat. Drake);I Love Makonnen;Hip Hop;hiphop;640x256;275.528
kSdtcOy6qy0;Message Man;twenty one pilots;Alternative,Electro,Dubstep,Hip Hop;rock;640x352;238.051
IDvu1ehPq0g;Mine;Beyoncé;Pop;pop;640x352;299.050
-6jhuhsG-7w;We Up;50 Cent;Hip Hop;hiphop;640x256;199.041
Z4TwbrihsNw;Too Original (feat. Elliphant & Jovi Rockwell);Major Lazer;electronic,dance,dancehall;electro;640x352;209.257
F84wsflIUPI;As Long As You Love Me;Alex Goot;Pop;pop;640x288;167.509
9TrQXlA7258;Lose Yourself - feat. RDX & Moska;Major Lazer;seen live,dancehall,electronic;electro;640x320;197.718
LELFIuhSPCI;Everyday;Ariana Grande;Pop;pop;640x240;194.630
kMS8m45FtmQ;Overdrive;Calvin Harris;Electro,Techno/House,Dance,Dancefloor;electro;640x352;292.895
8FOBxcluXdk;Pray to God;Calvin Harris;Electro,Techno/House,Dance,Dancefloor;electro;640x272;242.881
uv4A-gbGADw;We Found Love;Madyon;Pop;pop;640x352;211.092
x-R73KiELRY;Xanny Family;Future;trap rap,like a lot;hiphop;640x352;190.867
C8KV0mzqTXY;Hurts Like Heaven;Coldplay;Alternative,Rock;rock;640x352;210.348
KEI4qSrkPAs;Can't Feel My Face;The Weeknd;Pop,R&B/Soul/Funk;hiphop;640x256;218.430
RgASBDwGSSs;Check On Me;DJ Esco;Hip-Hop,rap,future;hiphop;640x288;258.855
Xbw_BxDwdjk;Guilty Conscience;Eminem;rap,Hip-Hop,hip hop;hiphop;624x320;213.577
UjQiJAaN8eU;Ruby;Twenty One Pilots;Pop,Rock;rock;640x352;267.355
4UqF0z2wZCM;Whip It;Nicki Minaj;Hip Hop;hiphop;640x320;195.187
3PAnrXiLfmk;Drippn (How U Luv That) (feat. Future);Purple Reign;female vocalists,r&b,female vocalist;hiphop;640x352;192.423
v_bNfVz63jw;Blind Retribution;Broken Heroes;Alternative,Indie Rock,Rock,Metal/HardRock;rock;640x352;125.759
9BZMqajycaE;Breathe Me;Sia;Pop;pop;640x352;189.730
DK_0jXPuIr0;What Do You Mean?;Justin Bieber;Pop;pop;640x224;297.842
lBmdcInF6e0;This Is Your Future (Lost in a Black Hole);Rare Futures;groove rock,Progressive rock,indie;rock;640x352;340.822
u6C2N2t4NXE;I Need Your Love;Pentatonix;Pop;pop;640x352;203.314
oC-GflRB0y4;Bad (feat. Vassy);David Guetta;electronic,House;electro;640x352;170.688
iVJtWWH2qWk;Elastic Heart;Sia;France,Pop,International Pop;pop;640x352;435.978
_XqyLasihg4;Hometown;twenty one pilots;Alternative,Electro,Dubstep,Hip Hop;rock;640x352;222.772
ZX2KJKRViPA;O;Coldplay;piano,soft rock,beautiful;rock;640x352;228.413
qk7DT43hwFw;All Things Go;Nicki Minaj;Hip Hop;hiphop;640x272;973.357
Hb2aR-P9oe4;Fly;Nicki Minaj;Hip Hop,Pop,Rock,R&B/Soul/Funk,Contemporary R&B;rock;640x352;275.713
CfihYWRWRTQ;Love Me Again;John Newman;Pop;pop;640x352;235.172
JC2yu2a9sHk;All That Matters;Justin Bieber;Pop;pop;640x352;220.938
JA_UnE3l5Sk;The Feeling;Justin Bieber;pop,mainstream,justin bieber;pop;640x272;264.034
QcIy9NiNbmo;Bad Blood;Taylor Swift;Pop;pop;640x272;244.878
q9MoF0NAx-E;Go Hard Or Go Home;Iggy Azalea;Hip Hop,Films/Games,Film Scores;hiphop;640x256;238.213
Phod9cQrMZg;Doh Tell Meh Dat;Flipo;Dance;electro;640x352;216.062
elVF7oG0pQs;Heard 'Em Say;Kanye West;Hip Hop;hiphop;640x352;191.936
0P_-ol5E0j8;Make Me Proud;Drake;Hip Hop;hiphop;640x352;211.603
_4vpXeIlMZE;Look out for Detox;Kendrick Lamar;dope lyrics,rap,underground rap;hiphop;640x240;190.032
-PyuMiZjYb8;Selfish;Future;Rap/Hip Hop;hiphop;640x288;144.196
T8oLQmqHnws;The Morning;The Weeknd;R&B/Soul/Funk,Contemporary R&B;hiphop;640x352;316.047
ShbUE88U5do;Paris;The Chainsmokers;Pop;pop;640x352;204.150
RSdKmX2BH7o;We Made You;Eminem;Hip Hop;hiphop;640x352;282.935
7rQb2NCuQ64;Blessed;Schoolboy Q;Hip-Hop;hiphop;640x352;309.940
RV4oPdNCnx8;Boo'd / Boot Up (Remix);Ramel Shakur;Rap/Hip Hop;hiphop;640x352;344.282
zTFBJgnNgU4;Charlie Brown;Coldplay;Alternative,Rock;rock;640x272;285.117
UkewB4bU7VI;Now Or Never;Kendrick Lamar;Hip-Hop,rap,2012;hiphop;640x352;257.043
PGoCtJzPHkU;Titanium;Madilyn Bailey;Rock;rock;640x352;226.371
K9sZyS6d23E;Glowing Eyes;Twenty One Pilots;Alternative;rock;640x352;260.296
4GuqB1BQVr4;Boyfriend;Justin Bieber;Pop;pop;640x320;210.512
DwZVZ5qZnoA;The Girls (Album Version);Calvin Harris;Electro,Dance;electro;640x352;234.823
j4SNtFQZF0A;Hold the Line;Major Lazer Feat. Mr. Lex & Santigold;Hip Hop;hiphop;640x352;218.012
37-y1qRnVNw;Top Down;Wiz;Hip Hop;hiphop;640x352;221.031
7bDLIV96LD4;Headlights;Eminem;hip hop,rap,emotional;hiphop;640x352;250.427
v5Ok3_l1Opc;Up In Flames;Nicki Minaj;Hip Hop;hiphop;640x352;311.913
QYDI0Wp3b18;Ride;twenty one pilots;Alternative;rock;640x352;209.977
mM2SWM358bM;The Ocean (Radio Edit);Mike Perry feat. Shy Martin;Pop;pop;640x352;189.312
MIf9KebN7Og;Antidote;Travis Scott;Pop;pop;640x352;283.050
GF8aaTu2kg0;Bitch, Don’t Kill My Vibe;Kendrick Lamar;Hip-Hop,rap,Bitch dont kill my vibe;hiphop;640x240;312.657
Ic5vxw3eijY;American Boy [Feat. Kanye West] Album Version);Estelle;Hip Hop,R&B/Soul/Funk,Contemporary R&B;hiphop;640x352;241.882
u8XFFTWwSvY;Shiver;Coldplay;rock,Coldplay,alternative;rock;640x352;300.327
iL7V9u_tdjs;Work;Rihanna;rnb,dancehall,2016;hiphop;640x352;211.766
EAc4zHEDd7o;Who's That Chick ?;David Guetta;Electro,Techno/House,Dance,Pop,Rock;rock;640x320;227.693
szbl1xQvc0g;Penantian Sia Sia;Shadians;Pop;pop;640x352;315.722
zXtsGAkyeIo;Only;Nicki Minaj;Hip Hop,Pop;hiphop;640x352;357.332
OxiPLWaVNYc;Michael Jordan;Kendrick Lamar;Hip Hop;hiphop;640x352;376.858
tjWWYhHB88Q;We Up;50 Cent;Hip Hop;hiphop;640x288;220.264
FVFdpDVEZ7k;Dangerous Woman;Ariana Grande;pop,rnb,best of 2016;hiphop;640x352;219.475
Fmw72NhU5R8;Natalie;Bruno Mars;Pop;pop;640x272;228.948
RltdWxYcmQI;Last Day Alive;The Chainsmokers;Dance;electro;640x352;216.294
xzXDSWz3Nbw;Did It On’em;Nicki Minaj;Hip Hop,Pop,Rock,R&B/Soul/Funk,Contemporary R&B;rock;640x352;220.705
b2AcxL88DoI;100;The Game;rap,Hip-Hop,Gangsta Rap;hiphop;640x352;348.276
mLxKjMQ54Go;Cinderella Man;Eminem;Hip Hop;hiphop;640x352;284.698
KyvEm5eJFv0;My Savages;Future;Hip Hop;hiphop;640x256;206.563
WeBfKGoVTJ4;Cancer;twenty one pilots;indie,pop,rock;rock;640x352;252.958
ETNZWCNkDaI;Perkys Calling (feat. Future);DJ Esco;Hip-Hop,rap,future;hiphop;640x304;247.408
dT90lx0fcYw;Zoney (feat. Sebastian);Wiz Khalifa;Rap/Hip Hop;hiphop;640x352;216.178
nlR0MkrRklg;Santa Tell Me;Ariana Grande;christmas,pop,love at first listen;pop;640x352;339.940
RnpyRe_7jZA;High School;Nicki Minaj;Hip Hop;hiphop;640x256;246.873
T6j4f8cHBIM;Stupid Hoe;Nicki Minaj;Hip Hop;hiphop;640x352;209.816
VP7GNxLI9fM;One of Those Nights;Juicy J;Hip Hop;hiphop;640x272;257.718
00cr3g6wCG0;Ignorance Is Bliss;Kendrick Lamar;Hip Hop;hiphop;640x352;112.454
T7m9Cu-bjOE;Loft Music;The Weeknd;R&B/Soul/Funk,Contemporary R&B;hiphop;640x352;373.841
eqJ-Shv3kEw;My Love (feat. Drake);Majid Jordan;Hip Hop,Pop,R&B/Soul/Funk;hiphop;640x272;254.676
kK6kNfKYaJg;Right Now;Uncle Murda;rap,Hip-Hop,underground hip-hop;hiphop;640x240;220.658
he3DJLXbebI;Right By My Side;Nicki Minaj;hip hop,pop,Chris Brown;hiphop;640x352;283.585
PWjRMuyXl2o;Use Me;Future;Rap/Hip Hop;hiphop;640x288;258.855
fRh_vgS2dFE;Sorry;Justin Bieber;Pop;pop;640x352;205.102
Bm5iA4Zupek;Runaway - Single Version;Kanye West;hip hop;hiphop;640x352;277.918
eDuRoPIOBjE;Forever;Eminem;Hip Hop;hiphop;640x352;374.188
nJSdYlAFKqA;Don't Look Down;Martin Garrix;Dance,Pop;electro;640x256;227.555
ZGTe7BEsB60;Rihanna Skin Dj Blann Remix;Teon Blann;Dance;electro;640x352;326.914
PexGMPD1fGI;Nomads (feat. The Weeknd);Ricky Hil;Hip Hop;hiphop;640x272;229.901
CvBfHwUxHIk;Umbrella;Rihanna;Dance,Hip Hop,Pop,Rock,R&B/Soul/Funk;rock;640x352;253.097
n2sH4ANbIB4;House on Fire;Sia;hino,pop,sad;pop;640x272;243.043
RhU9MZ98jxo;Paris;The Chainsmokers;Pop;pop;640x352;228.833
EHkozMIXZ8w;The Monster;Eminem;Hip Hop;hiphop;640x256;318.415
acI2OIH8iSw;All We Know;The Chainsmokers;pop,2016,future bass;pop;640x272;195.582
FR_yo8wAgJ4;Really Doe;Danny Brown;Pop;pop;640x352;319.437
51vf4399MIs;Roll On;Lil Sicko;Chicano Rap,Gangsta Rap,West Coast Rap;hiphop;640x352;250.892
tPZbBBdfr5E;A Lie;French Montana feat. The Weeknd & Max B;Rap/Hip Hop;hiphop;640x256;250.125
-ylyBq1OFaY;E.T.;Tyler Ward;Pop,Rock;rock;640x352;170.481
ogy8Ms1E5OM;The Future;B.E.R.I.D.O.X.;Hip Hop;hiphop;640x352;253.468
PH4JPgVD2SM;Amazing;Kanye West;Hip Hop,Pop,R&B/Soul/Funk;hiphop;624x352;238.887
5WL672bjJgM;Let Me Love You;Ariana Grande;pop,rnb,Lil Wayne;hiphop;640x352;230.574
O5_zsUkFSrY;The Race;Wiz Khalifa;Hip Hop;hiphop;640x272;312.238
ssoEWgRBcDs;So Bad (feat. Nicki Minaj, Yummy);Cam'ron;Hip Hop;hiphop;640x352;265.450
LUjn3RpkcKY;Mistletoe;Justin Bieber;christmas,Love,pop;pop;640x352;190.868
ZQ2nCGawrSY;Russian Roulette;Rihanna;Pop,R&B/Soul/Funk;hiphop;640x256;263.267
Bds_z1jXIJw;Goin' Up (feat. Wiz Khalifa);Iamsu;Hip Hop;hiphop;640x256;225.348
1-TTNdyIMAE;I'm Out;Ciara;R&B/Soul/Funk;hiphop;640x256;241.672
0GoGcVs6pbU;Move Your Body (Single Mix);Sia;pop,dance,electronic;electro;640x352;249.429
ZvUBGN4KoP0;Gang Up;Young Thug, 2 Chainz, Wiz Khalifa & PnB Rock;Hip-Hop,hip hop,Wiz Khalifa;hiphop;640x256;234.800
a_jyL8AnqmY;Mask Off;Future;Rap/Hip Hop;hiphop;640x352;207.702
Wpl_6jotaHA;True Love;Coldplay;alternative,electronic,Coldplay;rock;640x352;262.083
kffacxfA7G4;Baby;Justin Bieber;Pop;pop;640x352;224.769
Oe4Ic7fHWf8;Te Amo;Rihanna;Pop;pop;640x288;248.662
AkNVRKNFXGQ;Young, Wild & Free (feat. Bruno Mars);Snoop Dogg;Hip Hop;hiphop;640x352;183.577
FuZdC9oOw94;Young Girls;Bruno Mars;Pop;pop;640x352;232.802
AQe8Bmgee3g;Regret In Your Tears;Nicki Minaj;Hip-Hop,rap,dancehall;hiphop;640x352;244.297
lysp-BVbf9Q;Party Monster;The Weeknd;Lana Del Rey,rnb,Canadian;hiphop;640x272;258.183
BYDKK95cpfM;The Motto;Drake;Hip Hop;hiphop;640x352;242.091
LCSMFMsLLzU;One On One;Casey Veggies;Hip-Hop,ofwgkta,hip hop;hiphop;640x352;212.509
Ao8cGLIMtvg;American Oxygen;Rihanna;Pop;pop;640x352;320.366
Wq6V9YpE1aE;Kiss Land;The Weeknd;R&B/Soul/Funk;hiphop;640x352;257.184
iuz7F6diEkQ;Perm;Bruno Mars;80s,pop,soul;pop;640x352;192.213
4Y3a_F0nCPE;Message Man;twenty one pilots;Alternative,Electro,Dubstep,Hip Hop;rock;640x352;215.342
izo-09kA0eE;Raining Men;Rihanna;Pop,R&B/Soul/Funk,Contemporary R&B;hiphop;640x256;167.623
nAQVGx1vzrk;F**kin' Problems;A$AP Rocky;Hip Hop;hiphop;640x320;232.525
um4-d7VzZiE;Ass Like That;Eminem;Hip Hop;hiphop;624x352;316.348
1Tp0r9197uo;The Hardest Part;Coldplay;Alternative,Indie Pop,Indie Rock,Pop,Indie Pop/Folk,Rock;rock;640x352;291.085
eTtH4Qxeofw;25 Squares;Big Bank;Rap/Hip Hop;hiphop;640x176;207.028
90FQRA3yiDk;Miley (feat. Waka Flocka, Wiz Khalifa);DJ Holiday;Hip Hop;hiphop;640x272;281.425
eJO5HU_7_1w;The Real Slim Shady;Eminem;rap,Hip-Hop,Eminem;hiphop;640x352;267.493
klIF0nhsxxM;Split (Only U);Tiësto;electronic,Tiesto,the chainsmokers;electro;640x288;216.689
kLeqNtmhmtg;I Tried So Hard (Remix);Eminem;rap,Hip-Hop,Eminem;hiphop;640x352;257.415
1cUAUrRSesE;Diamonds & Gold;Upstates;trap;hiphop;640x272;224.002
LmCydrZngjY;Medication;Juicy J;Hip-Hop,rap,Dirty South;hiphop;640x240;253.817
09iAlDwZqzs;Taylor Gang;Wiz Khalifa;Hip-Hop;hiphop;640x352;324.683
XbGs_qK2PQA;Best Rap Songs Of Each Year;DJ Max Star;Pop;pop;640x256;369.220
EyAdm1U8Xno;Ozs & Lbs;Wiz Khalifa;Hip-Hop,rap,underground hip-hop;hiphop;640x352;321.782
RqcjBLMaWCg;2U (feat. Justin Bieber);David Guetta;Pop;pop;640x352;194.421
Co0tTeuUVhU;Heartless　（Album Version）;Kanye West;Hip-Hop,rap,hip hop;hiphop;640x352;220.752
tsUmC5ulukc;In the Night;The Weeknd;Pop;pop;640x320;248.918
92XVwY54h5k;Car Radio;Twenty One Pilots;Alternative;rock;640x352;280.288
Ys2SlX3xAeM;Flashing Lights;Kanye West;Hip Hop;hiphop;640x352;254.258
pn1VGytzXus;Dance (A$$);Big Sean;Hip Hop;hiphop;640x352;230.898
2LCFh3-xpOM;Rider;Future;Hip Hop;hiphop;640x256;236.402
VvCnhyAP1m8;Mezmorized;Taylor Gang;Hip Hop;hiphop;640x272;224.792
cimoNqiulUE;Headlines;Drake;Hip Hop;hiphop;640x352;243.972
3y1hSUyjNTA;Hype;Calvin Harris;Dance;electro;640x352;217.687
1wYNFfgrXTI;When I'm Gone;Eminem;rap,Eminem,Hip-Hop;hiphop;640x352;368.685
47YClVMlthI;Confident;Justin Bieber;Pop;pop;640x208;365.250
U6ZVK0q9wZo;Treasure;Tanner Howe;pop,acoustic,singer;pop;640x352;197.230
NT9O1ALEa7Q;Don't Let Me Down;The Chainsmokers;daya,electronic,pop;electro;640x352;209.421
prmmCg5bKxA;Eenie Meenie;Sean Kingston;Pop;pop;640x352;204.127
B5YNiCfWC3A;Swimming Pools;Kendrick Lamar;Hip Hop;hiphop;640x352;231.178
Qq5b2jRGOt0;Antique Jazz;Mister_Marck;Alternative|Rock|Indie Rock/Rock Pop;rock;640x352;115.264
X6oCebR5elk;Paradise (feat. Wiz Khalifa);Berner;Hip Hop;hiphop;640x352;197.625
orTi-PUXXy4;'Till I Collapse;Eminem;rap,Eminem,Hip-Hop;hiphop;640x352;299.768
QtXby3twMmI;Adventure Of A Lifetime;Coldplay;Pop;pop;640x352;315.628
bBKrHm6qerI;Can't Feel My Face (Martin Garrix Remix);The Weeknd;remix,rnb,Martin Garrix;hiphop;640x256;253.283
W0uqLM1uj_k;Talk;Coldplay;Alternative,Indie Pop,Indie Rock,Pop,Indie Pop/Folk,Rock;rock;640x352;298.073
tkgQBYgoCEM;Juice;DJ Esco;Hip-Hop,rap,future;hiphop;640x240;223.398
QFcv5Ma8u8k;Forgot About Dre;Dr. Dre;Rap/Hip Hop;hiphop;640x272;314.003
7sZGxVuux0Q;Young;The Chainsmokers;Dance;electro;640x288;285.838
tfA6uXQAZe8;Marry You;Bruno Mars;Pop;pop;640x352;268.097
IqLlfuLrhxM;Live For;The Weeknd, Drake;R&B/Soul/Funk;hiphop;640x352;224.305
rp4UwPZfRis;Unfaithful;Rihanna;Hip Hop,R&B/Soul/Funk;hiphop;640x352;295.218
NpL3g3UKPG8;Toast (Original Mix) ;Borgeous;electronic,House,techno;electro;640x272;217.105
LaNvMomX2-E;Lean On;Ali Brustofski;Pop,Rock;rock;640x352;161.262
8bdvNnyyM6o;Stay Schemin;Rick Ross;Hip Hop;hiphop;640x272;293.175
Xcwd_Nz6Zog;Hard;Rihanna;Pop;pop;624x272;250.775
lHe00hyWq5I;Beautiful Pain;Eminem;Hip-Hop,rap,Eminem;hiphop;640x352;267.587
YY6CJRGgVyU;Bluffin;Wiz Khalifa;Hip Hop;hiphop;640x304;276.502
9rXdTAOn_Bw;Closer;Sam Tsui & Kirsten Collins;Pop,Singer & Songwriter;pop;640x304;211.766
6EiBJPMIn8M;Scare Me (feat. Peaches & Timberlee);Major Lazer;Dance;electro;640x352;214.575
hwR_1EP18eo;Money Trees;Kendrick Lamar;rap,Hip-Hop,hip hop;hiphop;640x352;346.999
1GLDAaTpagc;Bang Bang;Nicki Minaj;Hip-Hop,rap,rnb;hiphop;640x352;207.842
SZDmuHSqwtg;Used to This;Future;Hip-Hop,rap,urban;hiphop;640x256;229.529
0RyInjfgNc4;Love on the Brain;Rihanna;soul,pop,Rihanna;pop;640x272;219.730
YjtsaXwDcF0;Feeling Myself;Nicki Minaj;Hip Hop,Pop;hiphop;640x288;228.530
3EZ2SFHs1cM;Lose Yourself;Eminem;Pop;pop;640x256;317.508
GpUFSEX_teg;True Colors (feat. Nicki Minaj);Wiz Khalifa;Hip Hop;hiphop;640x352;249.707
ZpLA1E3QLpQ;Chandelier;Sia;Pop;pop;640x352;307.061
Hpm5zNhNfmE;Be Alright;Justin Bieber;Pop;pop;640x352;169.575
i2uOqPEOCHo;Mockingbird;Eminem;rap,Eminem,Hip-Hop;hiphop;640x304;258.413
e0Y39QnwRvY;Same Damn Time;Future;Hip Hop;hiphop;640x352;266.426
6FIksKtfBe0;Most Of Us;Wiz Khalifa;Rap/Hip Hop;hiphop;640x352;252.145
9IJSVXeeZ0M;The Last (Prod by SAP);Wiz Khalifa;Hip-Hop,rap,underground hip-hop;hiphop;640x352;187.919
4JipHEz53sU;Super Bass;Nicki Minaj;nicki minaj,hip hop,pop;hiphop;640x256;218.383
P1J1mby_5Dg;Super Trapper;Future;Rap/Hip Hop;hiphop;640x256;229.505
1kVxpsi1XQ4;Viva la Vida;Coldplay;Alternative,Indie Pop,Indie Rock,Pop,Indie Pop/Folk,Rock;rock;640x352;243.530
GH-HD9DrxHo;Speedom (Wwc2);Tech N9ne;Hip Hop;hiphop;640x352;296.727
vMagUxOJZDQ;m.A.A.d city;Kendrick Lamar;rap,Hip-Hop,2012;hiphop;640x352;155.341
tfrWuiQ4QNc;The Zone;The Weeknd;R&B/Soul/Funk,Contemporary R&B;hiphop;640x256;315.745
rp6VuUIgHCY;Purple Reign (feat. Future);Purple Reign;female vocalists,r&b,female vocalist;hiphop;640x352;246.317
PXwgojNwZY4;T-Shirt;Future;Hip Hop;hiphop;640x256;221.147
Xx_jxLt-i-0;Smooth Sailing  ;Major Lazer;seen live,dancehall,electronic;electro;640x352;256.742
fP8FMdVcCQQ;U Mad;Vic Mensa;Hip Hop;hiphop;640x320;280.079
aSLZFdqwh7E;Thank You;Dido;Pop;pop;624x256;362.812
IcrbM1l_BoI;Wake Me Up;Avicii;electronic,dance,2013;electro;640x352;272.508
-BDiIOglboY;Right Above It;Lil Wayne;Hip Hop;hiphop;640x352;279.985
hfPU2nM5PQ0;Going Through Changes;Eminem;Hip Hop;hiphop;640x272;302.578
UopnGGTF5pk;True Love;Coldplay;alternative,electronic,Coldplay;rock;640x352;248.940
AepbzNWEAjQ;GBKW (God Bless Kanye West);Murs;Hip-Hop,underground hip-hop,hip hop;hiphop;640x256;216.317
iE_54CU7Fxk;Message Man;twenty one pilots;Alternative,Electro,Dubstep,Hip Hop;rock;640x352;240.327
8kyWDhB_QeI;All Falls Down;Kanye West;Hip Hop;hiphop;624x352;245.063
glaG64Ao7sM;ELEMENT.;Kendrick Lamar;Hip-Hop,rap,hiphop;hiphop;640x352;213.484
Dp__fMSmWWs;The Greatest ;Sia;Pop;pop;640x352;215.899
nBtDsQ4fhXY;Cold Water;Major Lazer;justin bieber,pop,banned;pop;640x256;184.900
IRIszAE1ZlA;Sunrise;Jillionaire;electronic,EDM,fatman scoop;electro;640x224;206.703
r1qjId9PF98;ELEMENT.;Kendrick Lamar;Hip-Hop,rap,hiphop;hiphop;640x352;199.483
z7i5qS5nCAA;Love on the Brain;Rihanna;soul,pop,Rihanna;pop;640x352;227.532
drcWaTCS6bg;Be Alright;Ariana Grande;pop,best of 2016,deep house;electro;640x352;196.371
kyiB4_VHNWM;Into You;Ariana Grande;Pop;pop;640x352;226.580
eY2ugWgEQVQ;Fragile;Tech N9ne feat. Kendrick Lamar, ¡Mayday!, Kendall Morgan;Hip Hop;hiphop;640x272;244.204
uQZMaG1eO74;No Lie;2 Chainz;Hip Hop;hiphop;640x352;243.299
jE_1wyt98DY;Love Me;Lil Wayne;Hip Hop;hiphop;640x208;271.557
X0ZVaFO7cGE;Swish Swish;Katy Perry;Pop;pop;640x272;226.417
OaQAy-8OY54;We As Americans;Eminem;Hip Hop;hiphop;640x288;270.558
NnrswAX5qFo;Let Us Move On;Dido;Pop;pop;640x352;261.015
dql1ew8r_vc;El Chapo;Berner;hyphy,rap,Hip-Hop;hiphop;640x352;190.728
uFdWhalhP5Y;Shot For Me;Drake;Hip Hop;hiphop;640x352;203.059
KKlX4VEX1WQ;My Way;Calvin Harris;Pop;pop;640x352;221.912
FPAmeM3JJQk;Reallionaire Star;Allan Williams;Electro,Techno/House;electro;640x352;226.534
j5Z3KUOrhS0;Round Of Applause;Waka Flocka Flame;Hip Hop;hiphop;640x304;328.957
nhq6xkpMJpA;My Love;Sia;Pop;pop;640x352;311.332
xUetSQlxOWY;Come Closer;WizKid;Rap/Hip Hop;hiphop;640x352;211.441
x3WTc6Q2wIc;Knives to the Future;Project 86;Rock;rock;640x256;196.045
2ZCUtnuAXg8;Massive Attack;Nicki Minaj;Hip Hop,Pop,R&B/Soul/Funk,Contemporary R&B;hiphop;640x352;204.660
mf58RAPR8Ws;You Used to Hold Me;Calvin Harris;Dance;electro;640x352;216.062
xn_1hFdE-5g;Everglow (Single Version);Coldplay;rock,alternative,britpop;rock;640x256;305.063
zzrNI66FUWE;Sweat (feat. Laidback Luke & Ms. Dynamite);Major Lazer;Dance;electro;640x352;198.088
qqjVwAg5fK4;Bang my Head (feat. Sia & Fetty Wap);David Guetta;electronic,french,dance;electro;640x176;213.531
PeFGaXCYktg;Dark Fantasy;Kanye West;Hip-Hop,rap,hip hop;hiphop;640x352;227.463
vJgwn7b5Iug;Perfect Pint (feat. Kendrick Lamar, Gucci Mane & Rae Sremmurd);Mike WiLL Made-It;Rap/Hip Hop;hiphop;640x288;259.762
WrklZD9H5Vg;Celebrate (feat. Rico Love);Wiz Khalifa;Rap/Hip Hop;hiphop;640x256;188.452
eJgEmw5Ke0Q;The Hills;The Weeknd;R&B/Soul/Funk;hiphop;640x352;264.220
Jtj5Pzd9tkA;Chunky;Bruno Mars;rnb,funk,80s;hiphop;640x352;194.582
dQg-l9OoN-0;HUMBLE.;Kendrick Lamar;Rap/Hip Hop;hiphop;640x352;256.395
o3mP3mJDL2k;Can't Remember to Forget You;Shakira;Pop;pop;640x304;205.915
uM6vFI_p7vg;Gang Gang;Chevy Woods;Hip-Hop,rap,seen live;hiphop;640x272;293.893
syu8uuqUVP4;Flatline;Justin Bieber;pop,love at first listen,Iloveit;pop;640x240;213.484
5FJO6b8GL3M;Right Thru Me;Nicki Minaj;Hip Hop;hiphop;640x352;312.447
e9Kcg_8gK30;God Put A Smile Upon Your Face;Coldplay;Alternative,Indie Pop,Indie Rock,Pop,Indie Pop/Folk,Rock;rock;640x352;299.560
W6e1TctNyw8;Waterfall;Stargate;electronic,dancehall;electro;640x256;200.179
uxBganA7KnY;Sidewalks;The Weeknd;Hip-Hop,kendrick lamar,rap;hiphop;640x272;241.534
7LnBvuzjpr4;Energy;Drake;Hip Hop,Pop,East Coast;hiphop;640x224;177.888
6IS6g3_pp1I;Kush Ups;Snoop Dogg;Hip-Hop,rap,Gangsta Rap;hiphop;640x352;256.348
Gb2h7MiC_50;Flawless Remix;Beyoncé;Pop;pop;640x352;237.260
MYF7H_fpc-g;Jesus Walks;Kanye West;Hip Hop;hiphop;640x256;246.433
nkjwn240AMc;Children;Justin Bieber;pop,party,justin bieber;pop;640x352;117.423
SeaUfrAwM4M;Jah No Partial;Major Lazer;electronic;electro;640x352;199.923
vqW18C4plZ8;Come Closer;WizKid;Rap/Hip Hop;hiphop;640x272;215.876
qFrWFkjaqJc;Heavy Dirty Soul;twenty one pilots;Alternative,Electro,Dubstep,Hip Hop;rock;640x352;291.178
NC9y_HBl_qc;Run Up (feat. PARTYNEXTDOOR & Nicki Minaj);Major Lazer;electronic,dancehall,nicki minaj;electro;640x352;206.888
PtQiFgGwuGM;Semi-Automatic;Twenty One Pilots;Alternative;rock;640x352;261.341
3JrDVPsVbVA;Kanye West;Atmosphere;Hip Hop;hiphop;640x352;283.887
URiDdlAS6ls;Classic Man;Jidenna;Hip Hop,R&B/Soul/Funk;hiphop;640x256;253.144
cl3b7dDBLpo;Thinking About You;Calvin Harris;Dance;electro;640x256;276.548
IAXcT5ZRzq8;I Didn't Hit Her;Ricegum;Rap/Hip Hop;hiphop;640x304;140.574
lDERedWHc3s;Kendrick Lamar;Kendrick Lamar;Hip-Hop,rap,seen live;hiphop;640x320;194.746
IKs5OsT4dIY;Fragile;Tech N9ne feat. Kendrick Lamar, ¡Mayday!, Kendall Morgan;Hip Hop;hiphop;640x272;248.221
NgIH7_HFCpU;Cheap Thrills;Sia;Pop;pop;640x352;217.850
l04j4llLnZM;Paradise (feat. Wiz Khalifa);Cassie;Hip Hop;hiphop;640x320;207.865
pvL39XfRXXM;Anaconda;Nicki Minaj;rap,very intelligent lyrics,Hip-Hop;hiphop;640x352;260.365
46j_q1Wr0jY;Flower Child;Nitty Scott, MC;Hip Hop;hiphop;640x352;205.172
wi105P5bX-g;Ode To Sleep;Twenty One Pilots;Alternative;rock;640x352;308.454
tkJ_koXPZzs;Bed Of Lies;Nicki Minaj;Hip Hop,Pop;hiphop;640x352;268.120
kuHRswmnMBg;Pure;Wiz Khalifa;Hip Hop;hiphop;640x352;229.413
bCfSRJENSnc;Girl on Fire;Alicia Keys;R&B/Soul/Funk;hiphop;640x352;276.410
EVr__5Addjw;Dangerous (feat. Sam Martin);David Guetta;2014,pop,love at first listen;pop;640x352;428.105
y-Du3QZ0eOQ;New York City;The Chainsmokers;electronic,pop,House;electro;640x352;230.412
J4A8al4MSvU;I'm in Here;Sia;Pop;pop;624x352;221.913
ptlhMhM9CUU;Both (feat. Drake);Gucci Mane;Hip-Hop,rap,trap;hiphop;640x352;181.789
OUDLHzgchlA;I Need Love;Chris Brown;rnb,Hip-Hop,Chris Brown;hiphop;640x352;254.490
hXd6u9o6dYY;Keep It Goin' Louder (feat. Ricky Blaze & Nina Sky);Major Lazer;2009,dancehall,00s;electro;640x352;220.102
7NupeUDpcrU;As Long As You Love Me;Justin Bieber;Pop;pop;640x352;194.652
koVHN6eO4Xg;Live Your Life;T.I.;Hip Hop;hiphop;640x320;331.138
hrFesnQTDls;Heathens;twenty one pilots;alternative,love at first listen,Soundtrack;rock;640x352;200.853
DszIoEP8OAo;A Rebellion (feat. Alori Joh);Ab-Soul;Hip Hop;hiphop;640x272;364.344
vdrqA93sW-8;09DJ MIX #048;Figure.09;Dance;electro;640x352;253.585
2bSSe1clKMs;Stressed (Originally Performed by Twenty One Pilots);Radio Dj;Alternative;rock;640x256;223.771
VroDtC62Mw8;On Me;The Game;rap,Hip-Hop,Gangsta Rap;hiphop;640x272;283.515
HiXYDQxU3OE;I Lied;Nicki Minaj;Hip Hop,Pop;hiphop;640x352;284.467
UgyvNhmYHjo;The Scientist;Coldplay;Alternative,Indie Pop,Indie Rock,Pop,Indie Pop/Folk,Rock;rock;640x352;265.380
Wa5B22KAkEk;Young, Wild & Free (feat. Bruno Mars);Snoop Dogg;Hip Hop;hiphop;640x352;257.485
kp5YUqEVVMw;Clocks;Coldplay;Alternative,Indie Pop,Indie Rock,Pop,Indie Pop/Folk,Rock;rock;640x352;302.532
OPf0YbXqDm0;Uptown Funk;Mark Ronson;Pop;pop;640x352;270.442
KrcpaBMuo88;Heavy Dirty Soul;twenty one pilots;Alternative,Electro,Dubstep,Hip Hop;rock;640x352;467.812
CqPU7NSVQwY;Drinking From The Bottle;Calvin Harris;Dance;electro;640x352;241.023
GUWxNu7J_Hk;Don't Be Gone Too Long;Chris Brown;R&B/Soul/Funk;hiphop;640x352;205.961
fhcpubAVdmc;Right There;Ariana Grande;Pop;pop;640x352;258.763
0KCWqnldEag;HYFR (Hell Ya Fucking Right);Drake;Hip Hop;hiphop;640x352;232.014
YZZTSP5v8AA;Bad Day;Justin Bieber;Pop;pop;640x352;140.411
z8IJq7iCAMg;Fire Bomb;Rihanna;Pop;pop;640x352;258.043
cQY00k3wK1Y;She Came to Give It to You;Usher;R&B/Soul/Funk;hiphop;640x352;311.193
E5ONTXHS2mM;Panda;Desiigner;Rap/Hip Hop;hiphop;640x224;242.834
FWa1VQdyH90;Look Into My Eyes;Wiz Khalifa;Hip-Hop,rap,underground hip-hop;hiphop;640x352;215.992
o9tJW9MDs2M;Pray;Justin Bieber;Pop;pop;640x352;212.648
Q2pwY6QNNNA;Bad (Remix) [feat. Rihanna];Wale;Hip Hop;hiphop;640x352;239.303
VYJw-2NfV-k;My Love;Wale;Hip-Hop,rap,hip hop;hiphop;640x352;228.738
URdf7WX-nlc;Remember You;Wiz Khalifa;rap,Hip-Hop,The Weeknd;hiphop;640x256;324.545
s5I4yWbnlxM;It Ain't Me;Kygo;electronic,pop,dance;electro;640x352;169.018
SiS7fNeNNY4;Look What I Got On;Wiz Khalifa;Hip-Hop,rap,underground hip-hop;hiphop;640x352;210.465
02Zm-Ayv-PA;Lose Yourself;Eminem;Pop;pop;640x272;323.267
BoEKWtgJQAU;Otis;Kanye West;hip hop,fip,duet;hiphop;640x352;195.535
1NktXS1GiWU;Cheap Thrills;Sia;Pop;pop;640x272;164.699
AGyW4G5Qfz4;Lovely;Twenty One Pilots;Alternative;rock;640x352;203.059
CKhmCh68Qu0;Quit;Cashmere Cat;Pop;pop;640x352;267.006
aatr_2MstrI;Symphony (feat. Zara Larsson);Clean Bandit;Electro,Dance;electro;640x256;246.015
YuqXhhcrN80;My Darling;Eminem;Hip Hop;hiphop;640x352;319.505
csHlIM5xOG8;The Race;Wiz Khalifa;Hip Hop;hiphop;624x352;211.557
5dmQ3QWpy1Q;Heavy;Linkin Park;pop,rock,heavy metal;rock;640x240;168.043
f8zKtcKCaG8;Violet Hill;Coldplay;Alternative,Indie Pop,Indie Rock,Pop,Indie Pop/Folk,Rock;rock;640x352;220.565
67CMPOsmoLw;Talkin’ 2 Myself;Eminem;Hip Hop;hiphop;640x352;300.535
uPCal5JvzuM;Whole Thang;Juicy J;Hip Hop;hiphop;640x208;254.745
3RLwuDQSkDI;Escape;30 Seconds to Mars;Alternative,Indie Pop,Indie Rock,Pop,Indie Pop/Folk,Rock;rock;640x352;792.381
t3Mqi-Tv7q0;Made Men;Rick Ross;Hip Hop,Dirty South;hiphop;640x352;365.552
ALZHF5UqnU4;Alone;Marshmello;electro,amazing,sweet;electro;640x256;199.459
nYWX-rcUv1E;Wake Up;Wiz Khalifa;Hip Hop;hiphop;640x352;226.185
x8Oha-TnekE;The Plan;Wiz Khalifa;Hip Hop;hiphop;640x272;346.395
d379r5Ov-os;Somewhere In Brooklyn;Bruno Mars;Pop,Rock;rock;640x352;210.233
kXFcr6oy5dk;The Boys;Cassie;Hip Hop;hiphop;640x320;287.578
F5kNE3UD7fg;Must Be The Ganja;Eminem;Hip Hop;hiphop;640x352;245.178
fRNkQH4DVg8;Paris;The Chainsmokers;Pop;pop;640x256;222.285
Pkgeai985rA;Lost@;Coldplay;Pop;pop;640x352;261.572
8DS-h67qEiY;Chandelier;Sia;Pop;pop;640x224;215.783
Rw4WrkTL96Y;Love The Most (feat. Marques Anthony);Safaree;Hip Hop,East Coast;hiphop;640x352;192.307
ka9AIoRw-WU;Get Low;Waka Flocka Flame;Hip-Hop,rap,Dirty South;hiphop;640x352;240.883
ywvRgGAd2XI;Lane Boy;twenty one pilots;Alternative;rock;640x352;235.241
LXUSaVw3Mvk;One Less Lonely Girl;Justin Bieber;Pop;pop;624x352;228.322
S0z1Mo7O6dE;Don't Stop The Music;Jamie Cullum;Pop;pop;640x256;297.447
yZqmarGShxg;Under Control;Calvin Harris;Dance;electro;640x256;210.442
glxr822v9K4;Night Riders (feat. Travi$ Scott, 2 Chainz, Pusha T & Mad Cobra);Major Lazer;electronic,dance,Mad Cobra;electro;640x352;231.990
S9bCLPwzSC0;Mockingbird;Eminem;rap,Eminem,Hip-Hop;hiphop;624x352;258.390
Zj_kSkTSrQM;Lose Yourself;Eminem;Pop;pop;640x352;296.982
e82VE8UtW8A;Rude Boy;Rihanna;Pop;pop;640x352;225.210
Hn4yUqYKbYM;Letter to Future;DOE BOY;southern rap,rap,trap;hiphop;640x304;243.808
7NqO-4kTu_4;Up All Night;Drake;Hip Hop,Pop,R&B/Soul/Funk,Contemporary R&B;hiphop;640x352;230.179
E5kJDWQSBUk;Roll the Bass;Major Lazer;Electro;electro;640x352;216.271
dMMUH_ZpbB0;Reallionaire Star;Allan Williams;Electro,Techno/House;electro;640x352;231.503
ebXbLfLACGM;Summer;Calvin Harris;Dance,Pop,International Pop;electro;640x256;233.963
wO89_H7GqaQ;Bubble Butt [feat. Bruno Mars, Tyga & Mystic];Major Lazer;electronic,hip hop,rap;hiphop;640x352;296.147
nxvm4P0jFKY;No Love;August Alsina;R&B/Soul/Funk;hiphop;640x272;287.113
nB4tBgQSP3Y;Believer;Showtek;Electro,Dance,Pop,Disco;electro;640x352;255.093
CLsamA1bCMc;Jump;Rihanna;Pop;pop;640x256;218.337
YpnjwJBOPu8;Goner;twenty one pilots;Alternative,Electro,Dubstep,Hip Hop;rock;640x352;238.794
8VXW_gW8UpM;Versace On The Floor (Bruno Mars vs. David Guetta);Bruno Mars, David Guetta;Pop;pop;640x352;201.920
6OQlO_kUOps;Clappers (feat. Nicki Minaj & Juicy J);Wale;Hip Hop;hiphop;640x352;334.437
D7FTPM4lWD0;We Made You;Eminem;Hip Hop;hiphop;640x352;195.975
HBxt_v0WF6Y;Where Have You Been;Rihanna;Pop;pop;640x256;268.864
u1YRjCTxR80;Might Not;Belly;Hip-Hop,hip hop,rap;hiphop;640x352;229.738
cGi4hNgyhik;We'll Be Coming Back;Calvin Harris;Dance;electro;640x352;260.225
RgKAFK5djSk;"See You Again (From ""Furious 7"")";Wiz Khalifa;Hip Hop,Pop;hiphop;640x256;237.423
zp7NtW_hKJI;A Sky Full of Stars;Coldplay;Alternative,Rock;rock;640x352;274.622
ZuwfZGDWOio;#SELFIE;The Chainsmokers;Dance;electro;640x288;216.851
7JddDOHtcJU;Cold Water;Major Lazer;justin bieber,pop,banned;pop;640x352;188.755
mB5C6NkH0hI;Baby;Justin Bieber;Pop;pop;640x352;165.928
LpH6NjhUUhY;Grenade;Bruno Mars;Pop;pop;640x352;235.565
bvC_0foemLY;Sugar;Robin Schulz;Pop;pop;640x272;222.748
c7PLgW7LwhU;Alive;Sia;Pop;pop;640x352;259.715
rJYcmq__nDM;Rehab;Rihanna;Dance,Hip Hop,Pop,Rock,R&B/Soul/Funk;rock;624x256;278.082
mh5tsTa7-qQ;What Do You Mean?;Justin Bieber;Pop;pop;640x352;251.983
lwk7yimxAfU;Lose Yourself - feat. RDX & Moska;Major Lazer;seen live,dancehall,electronic;electro;640x352;196.882
c2MiyZx8MTY;Dance Wiv Me;Dizzee Rascal;Electro,Hip Hop;hiphop;640x352;217.385
HLOhxTRRRb4;Stressed Out;twenty one pilots;Alternative;rock;640x288;214.065
Ekqu_Ku7nuY;Too Much Sauce;Future;Hip-Hop,rap,Dirty South;hiphop;640x320;219.892
ekAXPCphKXQ;Bottoms Up;Trey Songz;R&B/Soul/Funk;hiphop;624x352;270.883
MRLyREkZles;Some Way;Nav;Rap/Hip Hop;hiphop;640x352;191.332
N2oACZJFDZ4;Powerful;Major Lazer;pop,synth,dancehall;electro;640x352;215.597
2k_S7Xx35js;Favorite Girl;Justin Bieber;Pop;pop;640x352;173.917
hYgXY00DP30;Clocks;Coldplay;Alternative,Indie Pop,Indie Rock,Pop,Indie Pop/Folk,Rock;rock;640x352;302.253
t94vmNGDXds;Helium;Sia;Soundtrack,pop,Ballad;pop;640x256;244.760
0zGcUoRlhmw;Closer;The Chainsmokers;electronic,2016,halsey;electro;640x288;246.921
pSjr6ixi4ik;Chandelier;Twisted Measure;Pop,Rock;rock;640x352;253.051
mDU-5jwPKmQ;No Shopping;French Montana;Hip-Hop,rap,hiphop;hiphop;640x240;321.155
dULOjT9GYdQ;THE LAZY SONG;Bruno Mars;pop,Bruno Mars,rnb;hiphop;640x352;216.247
onjKcjlCb-A;Kids Of The Future;Jonas Brothers;Alternative,Indie Pop,Indie Rock,Children’s Music,Pop,Indie Pop/Folk,Rock,Films/Games,Film Scores;rock;640x352;199.458
kIll0-AyMa0;Hey Baby - Dimitri Vegas & Like Mike Vs. Diplo;Dimitri Vegas & Like Mike;Dance;electro;640x352;196.045
-zzP29emgpg;Take Care;Drake;Hip Hop;hiphop;640x272;248.639
Vcd4bHqNgLU;No Social Media;Wiz Khalifa;Hip-Hop,rap,underground hip-hop;hiphop;640x352;235.287
7mWQ38SpEf8;All We Know;The Chainsmokers;pop,2016,future bass;pop;640x352;216.271
fyMhvkC3A84;Every Teardrop Is a Waterfall;Coldplay;Alternative,Rock;rock;640x352;249.800
zjbIX4ryi1k;Television;Bunji Garlin;soca,reggae,dancehall;electro;640x352;174.730
ayZ0vzTAEVw;Titanium;Ali Brustofski;Pop;pop;640x352;246.015
Y34jC4I1m70;Birthday;Rick Ross;Hip-Hop,rap,Dirty South;hiphop;640x352;308.733
g5qU7p7yOY8;Love Me Harder;Ariana Grande;Pop;pop;640x256;250.938
1G4isv_Fylg;Paradise - Radio Edit;Coldplay;rock,alternative,britpop;rock;640x272;260.108
0tVLzjk4VEk;Sorry;Justin Bieber;Pop;pop;640x352;163.885
mBZdHuZCfic;Roses;The Chainsmokers;Electro;electro;640x240;230.690
SjTt5PZ5IRg;Anaconda;Nicki Minaj;rap,very intelligent lyrics,Hip-Hop;hiphop;640x256;279.660
a2Gh3VdnXQs;Memories Back Then;T.I.;Hip Hop;hiphop;640x240;296.588
yd8jh9QYfEs;Don't Stop The Music;Rihanna;Pop;pop;624x352;233.197
gPF2TF3S9Jk;Montreal;The Weeknd;R&B/Soul/Funk,Contemporary R&B;hiphop;640x352;250.613
FWhf1vnx7WY;King Kunta;Kendrick Lamar;Hip Hop;hiphop;640x352;116.193
tITkm-sBHH8;Baby;Justin Bieber;Pop;pop;640x304;223.235
APyyMrH7HFY;Kiss the Sky;Jason DeRulo;Pop;pop;640x352;251.008
UtoHI0JEfDg;H•A•M;Kanye West;Hip Hop;hiphop;640x352;285.698
qICes_riodM;Rockabye (feat. Sean Paul & Anne-Marie);Clean Bandit;Pop;pop;640x352;183.786
Pj-Q9vx0EeQ;Something Just Like This (Tokyo Remix);Coldplay & The Chainsmokers;Alternative;rock;640x256;267.262
undkbBJLa-Y;Autumn Leaves;Chris Brown;R&B/Soul/Funk;hiphop;640x256;272.533
kn4q8R2rgWA;Nobody Know (feat. Future);Juelz Santana;Hip Hop;hiphop;640x352;251.610
nY-Xk3sGr6Q;How Many Drinks?;Miguel;R&B/Soul/Funk;hiphop;640x352;269.700
n3JG3WDOjRQ;Move Your Body (Single Mix);Sia;pop,dance,electronic;electro;640x272;254.398
nntGTK2Fhb0;Where Are Ü Now;Justin Bieber;Electro,Dubstep,Dance,Dancefloor;electro;640x352;251.310
mLkpk9YxlXM;Hol' Up;Kendrick Lamar;Hip Hop;hiphop;640x352;204.428
m7HhLuA2z0Q;Young;The Chainsmokers;Dance;electro;640x256;226.998
qfX2DMQUe1Y;Up&Up;Coldplay;british,pop,rock;rock;640x352;251.982
JF8BRvqGCNs;Stay;Rihanna;Pop;pop;640x352;247.501
oYIepngsW04;Up;Wiz Khalifa;Rap/Hip-Hop;hiphop;640x352;262.338
WXpt_mU5NKA;Despacito;Luis Fonsi;Dance;electro;640x352;232.501
ZXBcwyMUrcU;King Of The Fall;The Weeknd;Hip-Hop,r&b,rnb;hiphop;640x256;314.700
IvPT2QuCIOA;Middle;DJ Snake;Pop;pop;640x272;300.280
lNq2ZN2IpoA;Jukebox Joints;A$AP Rocky;Hip Hop;hiphop;640x352;258.322
qN4ooNx77u0;Sign of the Times;Harry Styles;rock,alternative,indie;rock;640x224;341.378
FF1hjJYuqXU;Viens No Tiem;Edavārdi;Hip Hop;hiphop;640x352;377.394
bhr9mYO6LsE;Common Denominator;Justin Bieber;Pop;pop;640x352;212.323
ofaRvNOV4SI;Lost In The World;Kanye West;Hip-Hop,hip hop,Kanye West;hiphop;640x352;258.531
o_Ly93EP5Ak;Lift Me Up;Imaginary Future;indie,guitar,finnish;pop;640x352;177.772
c1Iik8iF8iw;My Brothers;Ralo;Hip-Hop,rap,trap;hiphop;640x352;239.443
n69klxarmos;Music Box;Eminem;Hip Hop;hiphop;640x352;267.748
em0RhB00rbE;Goner;twenty one pilots;Alternative,Electro,Dubstep,Hip Hop;rock;640x352;242.927
W7LIn9sd9BA;Message Man;twenty one pilots;Alternative,Electro,Dubstep,Hip Hop;rock;640x352;248.639
gG_dA32oH44;Best Rap Songs Of Each Year;DJ Max Star;Pop;pop;640x352;251.333
6GtlXkEvcMY;Snow In California;Ariana Grande;christmas,pop,Ballad;pop;640x352;139.575
DlHJXVDRSNE;Right Here;Justin Bieber;Pop;pop;640x352;206.936
oEauWw9ZGrA;Pon De Replay;Rihanna;Dance;electro;624x352;216.943
ytK1zoq5CE8;Careful What You Wish For;Eminem;Hip Hop;hiphop;640x352;237.447
hvVn7Td3eEQ;Something Just Like This;The Chainsmokers;Dance;electro;640x352;243.322
pPT7NdOkQdY;Down To Earth;Justin Bieber;Pop;pop;640x352;246.526
wUZuV17uheM;THE LAZY SONG;Bruno Mars;pop,Bruno Mars,rnb;hiphop;640x352;199.877
we-LaiQNY5s;A L I E N S;Coldplay;Alternative;rock;640x352;295.242
iS1g8G_njx8;Problem;Ariana Grande;Pop;pop;624x240;207.145
R-Eix23JPbI;Kitchen Sink;Twenty One Pilots;Alternative;rock;640x352;332.462
sN98p-M92rc;So High (feat. Ghost Loft);Wiz Khalifa;Hip Hop;hiphop;640x352;249.475
-ahYrSLmMz8;Runaway Baby;Bruno Mars;Pop;pop;640x352;206.053
WxQpEeRwkcA;Peacoat;Future;Hip Hop;hiphop;640x352;212.810
iwbYwisSZkI;Lolly;Maejor Ali;Hip Hop;hiphop;640x224;223.399
6hGza1pWZ_E;North of the Border;DJ Don Mecca;Dance;electro;640x352;207.585
LWICozd_1Cc;Cell Ready;Juicy J;Hip-Hop,rap,Dirty South;hiphop;640x352;144.868
0-XXX3dnlVc;Ghost Story;Coldplay;Alternative,Rock;rock;640x352;254.977
0I73ZdXZJLY;I Lied;Nicki Minaj;Hip Hop,Pop;hiphop;640x272;305.573
mmgoztq80Bk;Relationship (feat. Future);Young Thug;Rap/Hip Hop;hiphop;640x352;215.922
Fc_4WI8FwRg;Irie (feat. Wiz Khalifa);Ty Dolla $ign;Hip Hop;hiphop;640x352;227.997
Nr56aeRv3pQ;Why Try;Ariana Grande;Pop;pop;640x352;228.670
ZmcycnV2e10;Night Riders (feat. Travi$ Scott, 2 Chainz, Pusha T & Mad Cobra);Major Lazer;electronic,dance,Mad Cobra;electro;640x272;230.898
HxilwT1sKSo;Pretty;The Weeknd;R&B/Soul/Funk;hiphop;640x352;330.418
KY44zvhWhp4;Love Me;Lil Wayne;Hip Hop;hiphop;640x240;264.893
yK8pc1BzzkY;Medicated;Wiz Khalifa;Hip Hop;hiphop;640x352;331.788
fRpTyB0HLtI;Fly;Fransis Derelle;Electro,Dance;electro;640x352;206.541
wfN4PVaOU5Q;Needed Me;Rihanna;Hip-Hop,rnb,urban;hiphop;640x256;194.003
L7_jYl8A73g;Runaway - Explicit Version;Kanye West;hip hop,rap,dance;hiphop;640x352;508.889
Cp0d3-MQN_w;KK (feat. Project Pat & Juicy J);Wiz Khalifa;Hip Hop;hiphop;640x352;323.708
r033bxSd_eI;Cash Out;Calvin Harris feat. ScHoolboy Q, PARTYNEXTDOOR & D.R.A.M.;Dance;electro;640x352;236.797
56qgO0C82vY;Flawless (Remix);Beyoncé;rnb,pop,female vocalists;hiphop;640x352;313.330
a59gmGkq_pw;Cold Water;Major Lazer;justin bieber,pop,banned;pop;640x352;188.500
SoJ8s90NLc4;Problem;Ariana Grande;Pop;pop;640x352;193.956
Hg9ZoYolDcg;Original Don (Davoodi Remix) (Major Lazer Feat. RiFF RAFF) - remix;Riff Raff;Hip-Hop,rap,Progressive rock;rock;640x352;208.097
h2CxeEN_hsE;Evil Deeds;Eminem;Hip Hop;hiphop;640x352;242.693
hmP7TYtDVUU;On My Level;Wiz Khalifa;Hip Hop;hiphop;640x352;287.927
S4ovJ3uvwqY;Voices;jhoony Jhoony;Electro;electro;640x352;152.764
N_b0rJhVawk;My Way (feat. Monty);Fetty Wap;Hip Hop;hiphop;640x272;222.795
_sV0S8qWSy0;The Way;Ariana Grande;Pop;pop;640x352;231.712
p_RqWocthcc;Knock You Down;Keri Hilson;R&B/Soul/Funk;hiphop;624x304;285.095
rRV28RBwf6k;Migraine;Twenty One Pilots;Alternative;rock;640x352;239.073
0tRAPsKa5Ek;Cheap Thrills;Sia;Pop;pop;640x272;220.102
yh6QxtRpSH8;Rigamortus;Kendrick Lamar;Hip Hop;hiphop;640x352;199.784
zz2EmsqGYlo;Addict With A Pen;Twenty One Pilots;Pop,Rock;rock;640x352;273.670
UgGZJxI-fFA;Nosetalgia;Pusha T;Hip Hop;hiphop;640x256;228.322
HZwMX6T5Jhk;Love Lockdown;Kanye West;Hip Hop/Rap;hiphop;624x272;275.342
9GhtZt2HYkM;Tin Man;Future Islands;indie,electro-pop,indietronica;electro;640x352;194.513
YIh9OWvfIes;HiiiPower;Kendrick Lamar;Hip Hop;hiphop;640x352;308.616
tTRO4B0ld7M;C.U.B.A;Calvin Harris;Dance;electro;640x352;270.047
HmNUGBRNhf8;Go To Sleep;Eminem;Hip Hop;hiphop;640x352;243.762
97v9Z9qMI-4;Walks Like Rihanna;The Wanted;Pop;pop;640x352;212.602
VgbKoNOS3I0;Dressed In Black;Sia;France,Pop,International Pop;pop;640x304;445.753
srMfJuIEz9k;Wild Thoughts;DJ Khaled;Rap/Hip Hop;hiphop;640x352;215.481
bgKJiXf5KkY;Extra Luv;Future feat. YG;Rap/Hip Hop;hiphop;640x352;246.758
dqZSbI2v_fM;One Last Time;Ariana Grande;Pop;pop;640x352;244.924
eCeBNwBUkcI;Truce;Twenty One Pilots;Alternative;rock;640x352;145.148
wldXDdPfUSA;OT (feat. Wiz Khalifa);Berner;Hip Hop;hiphop;640x304;305.807
59GRKgTSFe0;All Your Fault;Big Sean;Hip Hop;hiphop;640x176;250.752
lyw1xRXVFpY;Go To Sleep;Eminem;Hip Hop;hiphop;624x352;251.680
JDe86ul6RmI;High For This;The Weeknd;R&B/Soul/Funk,Contemporary R&B;hiphop;640x272;231.573
CDoVdkPXNKI;The Recipe;Kendrick Lamar;rap,chillout,hip hop;hiphop;640x352;363.323
djyhbYsDnPg;Doubt;twenty one pilots;Alternative,Electro,Dubstep,Hip Hop;rock;640x272;188.709
0wteig3c_Ls;That Good (feat. D Flo);Young Chop;Hip Hop;hiphop;640x352;250.520
zIrhcTkHX_A;Turn On The Lights;Future;Hip Hop;hiphop;640x256;243.715
O5wlxT9ygtY;All My Love (Remix);Major Lazer;seen live,dancehall,electronic;electro;640x352;229.785
ztOGSzwxaC4;Purple Reign (feat. Future);Purple Reign;female vocalists,r&b,female vocalist;hiphop;640x352;243.205
7AZWf-vo3wQ;Hometown;twenty one pilots;Alternative,Electro,Dubstep,Hip Hop;rock;640x352;230.853
RQ9_TKayu9s;Cleanin' Out My Closet;Eminem;rap,Eminem,Hip-Hop;hiphop;640x352;311.425
rT10BHHqYUc;Young Girls;Bruno Mars;Pop;pop;640x272;248.477
nky4me4NP70;Tear In My Heart;twenty one pilots;Alternative;rock;640x192;193.422
m4StsX4ArqA;Boom (feat. MOTi, Ty Dolla $ign, Wizkid, & Kranium);Major Lazer;Electro;electro;640x352;213.343
RnUu7VlIVfc;Mezmorized;Taylor Gang;Hip Hop;hiphop;640x272;224.792
h6Ol3eprKiw;Never Give Up;Sia;Soundtrack,pop,australian;pop;640x352;222.354
CHVhwcOg6y8;One Time;Justin Bieber;Pop,Rock;rock;640x352;242.880
FQuzDgjmv4o;Free Smoke;DJ Max Star;Rap/Hip Hop;hiphop;640x352;195.210
m2ua3O_fdCY;Don't Dream It's Over;Miley Cyrus;pop,female vocalists,Disney;pop;640x352;231.921
E_exesnCA5Y;Lovers In Japan;Coldplay;Alternative,Indie Pop,Indie Rock,Pop,Indie Pop/Folk,Rock;rock;640x352;247.570
h3EvwERR86o;Skin;Rihanna;Pop,R&B/Soul/Funk,Contemporary R&B;hiphop;640x352;356.426
IiDkVftBgak;Trees;Twenty One Pilots;Alternative;rock;640x256;256.488
k4V3Mo61fJM;Fix You;Coldplay;Alternative,Indie Pop,Indie Rock,Pop,Indie Pop/Folk,Rock;rock;640x352;295.845
NlmezywdxPI;Survival;Eminem;Hip Hop;hiphop;640x352;271.650
gvTUaS54_bk;Trap Jumping (feat. Wiz Khalifa);Rich The Kid;Hip-Hop,rap,hip hop;hiphop;640x352;150.580
NYivX_GnFUY;Comin Out Strong;Future;Rap/Hip Hop;hiphop;640x352;182.462
rONcsZatJww;Bake Sale;Wiz Khalifa;Rap/Hip Hop;hiphop;640x352;239.165
GLr0usOC2_k;Live For;The Weeknd, Drake;R&B/Soul/Funk;hiphop;640x352;222.145
wAawx1O52dw;Stay Up! (Viagra) [feat Kanye West];88-Keys;Rap/Hip Hop;hiphop;624x352;276.758
g6ZN-NA9ZW8;Hype;Calvin Harris;Dance;electro;640x352;219.730
U21uMLiMCf4;Fall;Justin Bieber;Pop;pop;640x352;225.860
rV_gKjf8-Zg;You The Boss;Rick Ross;Hip Hop;hiphop;640x352;276.223
8ELbX5CMomE;Sorry;Justin Bieber;Pop;pop;640x352;198.716
dZzkNZ2Nf9M;The Weekend;Brantley Gilbert;country,male vocalists,country rock;rock;640x256;270.373
WdTcyt3DyNE;All Night;Juicy J;rap,Wiz Khalifa;hiphop;640x304;249.753
KledSRXC5Zo;Cold Water;Major Lazer;justin bieber,pop,banned;pop;640x352;212.114
q7-vUeyA3K0;Careful What You Wish For;Eminem;Hip Hop;hiphop;640x352;219.010
4sTeFufqDIA;Cold Wind Blows;Eminem;Hip Hop;hiphop;640x352;305.620
08DjMT-qR9g;Chasing Pavements;Adele;Pop;pop;640x352;220.984
0EOm92OxDmw;Come Get Her;Rae Sremmurd;Hip Hop;hiphop;640x272;743.270
0fcsGS1dEro;Cinderella;Mac Miller;Hip-Hop,rap,underground hip-hop;hiphop;640x352;482.139
0HRJmBLpPZU;Sunday Morning;Maroon 5;Pop,International Pop;pop;624x352;189.080
0kRQ8rWVI3k;Sunday Morning;Maroon 5;Pop,International Pop;pop;640x352;217.316
0tkO_4tGf2E;Steady Mobbin;Young Money;Hip Hop;hiphop;640x352;338.268
1Az2J7ONvWw;Leather So Soft;Birdman;Hip Hop;hiphop;640x352;266.077
1Cd2PTpGHbo;Holla at Me;C Breeze;R&B/Soul/Funk;hiphop;640x352;194.675
1ohYsK5Y8Dc;Got Money;Lil Wayne;Hip Hop,Dirty South;hiphop;640x352;275.992
1S5h0nlE65I;Do It;O.T. Genasis;Hip-Hop,rap,BAKING SODA;hiphop;640x320;186.317
1spQxG89Xdk;Just for Tonight (feat. Chris Brown);migos;Hip Hop;hiphop;640x352;218.615
1ZC2JER_TOE;War For You;Chris Brown;Rap/Hip Hop,Pop,R&B;hiphop;640x272;209.792
27SyS1125EA;The Way I Are (Dance With Somebody);Bebe Rexha;Pop;pop;640x352;189.568
2a09INp3zlY;My Cabana (feat. Young Jeezy);Ty Dolla $ign;Hip Hop;hiphop;640x352;217.848
2IH8tNQAzSs;Lollipop Remix;BO Digital;Hip Hop;hiphop;640x352;300.907
2MCt3VrjFk8;Cold Water (Remix);Shaun Reynolds;rnb,pop,UK;hiphop;640x352;199.713
2oSzKiARR5M;Head Of My Class;Scooter Smiff;Hip Hop;hiphop;624x352;220.868
2q4uFnokRrU;Lil Baby;2 Chainz;Hip-Hop,rap,Dirty South;hiphop;640x240;229.923
_2wMblhDr2Q;Imagination;Shawn Mendes;Pop;pop;640x352;215.667
2_wpOmM1d8w;Paradise (Radio Edit);Benny Benassi;electronic;electro;640x352;261.526
2xk4xPdvt9o;Better On Me (feat. Ty Dolla $ign);Pitbull;Hip-Hop,rap,Reggaeton;hiphop;640x256;151.882
3fumBcKC6RE;John;Lil Wayne;Hip Hop;hiphop;640x352;300.838
3G32BQ3JJ1c;In My Room;Yellow Claw;trap,electronic,Hip-Hop;hiphop;640x272;168.530
3pAoC-DWNfs;Zaddy;Ty Dolla $ign;Hip-Hop,rap,rnb;hiphop;640x352;226.370
3QiZpI1AzjA;Night Riders (feat. Travi$ Scott, 2 Chainz, Pusha T & Mad Cobra);Major Lazer;electronic,dance,Mad Cobra;electro;640x352;183.530
3sNjS-PkB6M;Mercy;Shawn Mendes;Pop;pop;640x352;348.995
3yl-5FOZcr0;Poppin';Chris Brown;R&B/Soul/Funk;hiphop;640x352;294.522
409-JtKl2mA;Pass off (feat. Ty Dolla $ign & Bluntsmoker);Smoke Dza;Hip Hop;hiphop;640x240;207.213
43-whQz78oM;Georgia… Bush;Lil Wayne;Hip Hop;hiphop;640x352;263.383
4CkwtG9Sj3k;Bleeding Out;Molly Hunt;Pop;pop;640x352;242.532
4Hq-zs9qs5A;Black Beatles;Rae Sremmurd;Pop;pop;640x352;292.037
4iyIE_iqr-c;Swang;Rae Sremmurd;Hip Hop;hiphop;640x352;189.473
4Qqu-BEShw8;Trouble;Halsey;Alternative;rock;640x272;259.180
5dNEJtIRMyc;America;Imagine Dragons;France,Alternative,Pop,International Pop;rock;640x352;280.705
5EEhXhGcX0k;I Can Have Everythang;Busta;Hip Hop;hiphop;640x352;263.568
5fcTCMWx2-s;Life of the Party;Shawn Mendes;Pop;pop;640x224;211.534
5j5NzxksXz0;Water Under the Bridge;Ali Brustofski;pop,indie pop,singer-songwriter;pop;640x352;284.630
5MwWqomm7bQ;Swang;Rae Sremmurd;Hip Hop;hiphop;640x352;206.124
5sc2mgWGu4o;Believer;Imagine Dragons;rock,alternative,indie rock;rock;640x352;202.850
5sMKX22BHeE;Forever;Chris Brown;R&B/Soul/Funk;hiphop;640x320;277.873
5vrP3YB7iAg;Control;Halsey;indie,pop,indie pop;pop;640x288;215.318
5z25pGEGBM4;No Worries;Lil Wayne;Hip Hop;hiphop;640x320;229.552
6352tM7T8WU;Castle;Corvyx;indie,alternative,cover;rock;640x352;252.192
6hyFNc3t41Y;Stitches;Shawn Mendes;Pop;pop;640x352;416.890
6l7J1i1OkKs;My Nigga;YG;Hip Hop;hiphop;640x320;253.678
_6SBTKmqakw;Radioactive;Imagine Dragons;Alternative;rock;640x352;185.550
6ZHpLyas01A;Da Da Da;Lil Wayne;Hip Hop;hiphop;640x320;240.582
_7anctpbSSo;Come Get Her;Rae Sremmurd;Hip Hop;hiphop;640x320;276.689
7CPYoGtI75Q;One More Night;Maroon 5;Pop;pop;640x352;222.935
7gCpz_FP2WE;Faithful (feat. Ty Dolla $ign);Bobby Brackins;Hip-Hop,hip hop,rap;hiphop;640x256;239.443
7pqTa1lQjtY;Shake It Fast;Rae Sremmurd;Hip Hop;hiphop;640x352;245.667
7ua-vpqx3e8;Closer;The Chainsmokers;electronic,2016,halsey;electro;640x288;262.455
7vMQyZ2QmfI;Rae Sremmund;Swang;Hip Hop;hiphop;624x352;211.093
7y0ChoYgSek;Fireman;Lil Wayne;Hip Hop;hiphop;624x352;265.195
81fer9ulOeA;Shots;Imagine Dragons;Alternative;rock;640x352;238.980
_81U4ngh4tc;Stuntin' Like My Daddy;Birdman;Hip Hop;hiphop;640x352;276.341
8c6OvO7BUKM;Gangsta Way;Chris Brown;rnb,Hip-Hop,Chris Brown;hiphop;640x352;221.913
8Dcpy5fbt_0;Battle Cry;Imagine Dragons;Alternative;rock;640x256;339.823
8iAfXZa1cDQ;Swang;Rae Sremmurd;Hip Hop;hiphop;640x352;228.252
8kS2dhmJdH0;Ball;T.I.;Hip Hop;hiphop;640x352;214.320
8QKzwqLKTok;Love Affair;Lil Twist;Hip Hop;hiphop;640x352;275.063
8rBCaSg2mmQ;Hold Me Down;Halsey;Alternative;rock;640x352;221.518
8rX7QybRu1k;Black Beatles;Rae Sremmurd;Pop;pop;640x352;229.458
9e1YdVZMBFU;Dream;Imagine Dragons;Alternative;rock;640x352;261.618
9g1CgvXhCo4;Strange Clouds (feat. Lil Wayne);B.o.B;Hip Hop;hiphop;640x352;236.263
9gRPsz7Gf5k;Next To It (feat. Ty Dolla $ign);Lupe Fiasco;Hip Hop;hiphop;640x352;215.480
9pgq9QzJyc8;Stitches;Corey Gray;pop,singer-songwriter,youtube;pop;640x352;203.012
9wvooe6abUU;Tiptoe;Imagine Dragons;France,Alternative,Pop,International Pop;rock;640x352;258.483
a0yA-LIM7l0;Now That I Know;Rae Sremmurd;Hip Hop;hiphop;640x352;308.453
a1_aETw9yfw;Mr. Carter;Lil Wayne;Hip Hop;hiphop;640x352;329.932
a6_7txZLwvA;New Love;Maroon 5;Pop;pop;640x352;196.580
a9WYm0oZaLk;Bleeding Out;Imagine Dragons;France,Alternative,Pop,International Pop;rock;640x352;225.117
ADmCFmYLns4;Never Gonna Leave This Bed;Maroon 5;pop,rock,male vocalists;rock;640x352;211.836
AI0gk2KJeho;Bandz A Make Her Dance;Juicy J feat. Lil Wayne and 2 Chainz;R&B/Soul/Funk;hiphop;640x256;280.729
aPxVSCfoYnU;Post To Be (feat. Chris Brown & Jhene Aiko;Omarion;Hip Hop;hiphop;640x272;226.627
AqR-ElB5kXY;Daylight;Maroon 5;Pop;pop;640x352;235.683
aV8NqiYjuIc;When We Were Young;Adele;soul,pop,british;pop;640x352;293.849
B9_8qHSIDfo;Demons;Imagine Dragons;Alternative;rock;640x352;235.008
B9qZz-m6BL4;Get Back Up (feat. Chris Brown);T.I.;Hip Hop;hiphop;640x352;244.436
b9XNyeeJZ2k;This Christmas;Chris Brown;Pop;pop;640x352;215.597
bEVHt3r3PYg;Gasoline;Halsey;love at first listen,indie pop,amazing;pop;640x256;194.490
bfn2yOacQ-Q;Beautiful Goodbye;Maroon 5;pop,rock,alternative;rock;640x352;260.620
bgCQcSqnojY;One Million Dimes;Stitches;Hip-Hop,rap,trap;hiphop;640x352;193.933
BP1PsqBmbvM;Give A Little More;Maroon 5;Pop;pop;640x352;183.414
BRmf2Uob8lA;Black Beatles;Rae Sremmurd;Pop;pop;640x352;294.545
bUE7wkTyLC8;Believer;Imagine Dragons;rock,alternative,indie rock;rock;640x352;210.024
bWZ8Itjy7Qw;Now That I Know;Rae Sremmurd;Hip Hop;hiphop;640x272;244.087
bY89yHZO048;Radioactive;Imagine Dragons;Alternative;rock;640x352;187.849
C7CjDktkHyM;Come Home Tonight;Chris Brown;rnb,Hip-Hop,Chris Brown;hiphop;640x352;222.517
CbEHS4J_5so;I Don't Want Her;Impxct;Hip-Hop,rap;hiphop;640x320;173.847
cBIMozddkjY;Young God;Halsey;indie,pop,halsey;pop;640x352;254.025
CCOHZ8uWhu0;She Wildin';Fabolous;Hip Hop;hiphop;640x352;228.972
CJ6Po7fivdk;Sweet Love;Chris Brown;R&B/Soul/Funk;hiphop;640x272;204.846
cL4uhaQ58Rk;Lost Stars;Adam Levine;Pop;pop;640x352;274.947
cNw8A5pwbVI;Do It Again;Pia Mia;Pop,R&B/Soul/Funk;hiphop;640x352;213.461
COwkCW38J54;Oh Cecilia (Breaking My Heart);The Vamps;Alternative,Pop;rock;640x352;217.850
CoXSznushNc;Whippin;Chris Brown;rnb,Hip-Hop,Chris Brown;hiphop;640x352;210.024
CPUB97ilIqE;Bacon;Nick Jonas;pop,catchy,urban;pop;640x272;191.402
CWYN2TSLPvY;Swalla (feat. Nicki Minaj & Ty Dolla $ign);Jason Derulo;Pop;pop;640x352;255.953
DANNxk1elrw;Swang;Rae Sremmurd;Hip Hop;hiphop;640x352;326.217
DcbMPXYMh9A;No Flex Zone;Rae Sremmurd;Hip Hop;hiphop;640x352;181.022
dEFY2zYJ62w;Open Road;Chris Breezy;Hip Hop;hiphop;640x352;220.148
dF774uTycsw;Time For Love;Chris Brown;R&B/Soul/Funk;hiphop;640x256;232.362
DJi7WupFqPQ;Play No Games;Big Sean;Hip Hop;hiphop;640x352;236.890
dkQ0OJ5Byls;Wake Up Call;Maroon 5;Alternative,Indie Rock,Pop,Indie Pop/Folk,Rock;rock;640x352;230.063
dtCxmbFgnrc;Freefall (Here I Am);Rene Froger;pop,male vocalists,Nederlandstalig;pop;640x352;418.052
DTMo_wEwMnw;Shots;Imagine Dragons;Alternative;rock;640x288;260.342
E2SuYd-Z5PI;One More Night;Madilyn Bailey;Rock;rock;640x352;225.280
E4z_FH2wiCg;Sweat;Bow Wow;Hip Hop;hiphop;640x352;301.533
e7t9WTePAy4;Run Up (feat. PARTYNEXTDOOR & Nicki Minaj);Major Lazer;electronic,dancehall,nicki minaj;electro;640x352;154.575
e_9Od-l6TW8;Warriors;Imagine Dragons;Alternative;rock;640x352;165.930
eh-72yBP7sw;Radioactive;Pentatonix;Pop;pop;640x352;261.689
elsAYGFVMdY;Grass Ain't Greener;Chris Brown;american,r and b,rnb;hiphop;640x256;293.477
eSFSZs8POwM;Now Or Never;Halsey;Needed Me,pop,Rihanna;pop;640x352;266.773
F0vmjT-00DU;Someone Like You;Ice Nine Kills;Alternative,Indie Rock,Rock,Metal/HardRock;rock;640x352;275.667
f6dUH2JnN04;4 Lit;B.o.B;Hip-Hop,rap,hip hop;hiphop;640x272;205.589
F_7baOCYg-Q;I Made It (Cash Money Heroes);Kevin Rudolf;pop,top 40,rnb;hiphop;624x352;262.827
F8FYmRE8adM;I'm Fuckin Single;Horseshoe Gang;Hip-Hop,long beach,Westside;hiphop;640x352;339.661
FFamEq1PilQ;Cinderella;Mac Miller;Hip-Hop,rap,underground hip-hop;hiphop;640x256;739.463
fhMlSITt7hU;Superhuman;Chris Brown;R&B/Soul/Funk,Contemporary R&B;hiphop;640x288;218.268
fHoau67yI3A;Work From Home;Fifth Harmony;Pop;pop;640x352;340.567
fls8VU7XClU;Make It Rain;Fat Joe;Hip Hop;hiphop;640x352;244.599
fmTKcyp7tmo;Sugar;Maroon 5;Pop;pop;640x352;343.934
fWNiVcR_keU;Safe Sex Pay Checks;Rae Sremmurd;Hip Hop;hiphop;640x320;296.193
fZKdcPO8O-A;Hotel;Kid Ink;Hip Hop;hiphop;640x352;220.938
G1Igoc6yrKE;One More Night;J Rice;R&B/Soul/Funk;hiphop;640x352;384.940
g3ORsEpnY_o;Bleeding Out;Imagine Dragons;France,Alternative,Pop,International Pop;rock;640x352;231.548
G6GcRqEgT98;Just Like Us;Rae Sremmurd;Hip Hop;hiphop;640x352;250.008
GG-4aCEjtzI;Particula (feat. Nasty C, Ice Prince, Patoranking & Jidenna);Major Lazer;seen live,dancehall,electronic;electro;640x352;218.568
GJ26gAc7BtU;Say Goodbye;Chris Brown;Hip Hop,Pop,R&B/Soul/Funk,Contemporary R&B;hiphop;640x352;261.968
-GJx_Xe-_8U;Sugar;Corey Gray;Rock;rock;640x352;195.255
gLQJAp0See8;Sweat (feat. Laidback Luke & Ms. Dynamite);Major Lazer;Dance;electro;640x352;269.908
Gr4ywRqR-gk;Castle;Halsey;pop,american,love at first listen;pop;640x288;279.220
gtgIpb1J2bI;Incompatible (Maroon 5 Animals Parody);Chedda Cheese;Pop,Rock;rock;640x352;225.673
gxApr8QnlGY;One Touch (feat. AlunaGeorge and Rae Sremmurd);Baauer;Dance;electro;640x352;215.342
GXOwiQ5QFqk;Safe Sex Pay Checks;Rae Sremmurd;Hip Hop;hiphop;640x352;294.197
GyAAwCu-Lu4;Ready To Go;Limp Bizkit;Rock;rock;640x272;286.650
-H2Lp7uRUTs;Love Somebody;J Rice;R&B/Soul/Funk;hiphop;640x352;265.450
hBvmN4GTcEk;Look Alive;Rae Sremmurd;Rap/Hip Hop;hiphop;640x352;244.760
hdpWFhqQNNs;Walking The Wire;Imagine Dragons;Alternative;rock;640x352;240.373
Hke2SSFLh5I;Swang;Rae Sremmurd;Hip Hop;hiphop;640x256;185.387
HKErmFliQG0;Better Place;Saint Asonia;Pop,Rock;rock;640x352;293.941
hnOEg6T1mHs;Swang;Rae Sremmurd;Hip Hop;hiphop;640x352;206.100
Hq0JWpzsdXs;Already (feat. Rae Sremund);Juicy J;Hip Hop;hiphop;640x256;240.814
HQ15ZjMig1U;Green and Yellow;Hoodfellas;Electro,Dance;electro;640x352;179.907
HQEZ-RiW7X0;Hands All Over;Maroon 5;Pop;pop;640x352;193.074
hunha8UtqCk;Push And Shove;No Doubt;Pop;pop;640x352;312.726
HuTXNjp985g;Made Me;Trey Songz;rnb,soul,male vocalists;hiphop;640x352;211.045
HVPJb0AV1AU;Dey Know;2Chainz;Hip Hop;hiphop;640x352;215.225
hXsYqGuNr6M;Skyfall (Cover);Mariangeli HitStreak;Pop;pop;640x352;293.431
I0MT8SwNa_U;Girls Like Girls;Hayley Kiyoko;Pop;pop;640x256;300.002
I26EwcssMbY;You Changed Me;Jamie Foxx;R&B/Soul/Funk,Contemporary R&B;hiphop;640x272;319.112
i2WABj3CBiU;We Are One;Vexento;Alternative;rock;640x352;348.345
IajZTuxdv3Q;Little More (Royalty);Chris Brown;hiphop,rnb;hiphop;640x256;319.158
icaVRciv0kI;Lit Like Bic;Rae Sremmurd;Hip Hop;hiphop;640x192;274.227
icnBNjtDYZ8;Jam (feat. Trey Songz, Ty Dolla $ign and Jamie Foxx);Kevin Gates;Hip-Hop,rap,trap;hiphop;640x352;239.583
ICVv9bfthes;Warriors;Imagine Dragons;Alternative;rock;640x352;169.552
IgLcQmlN2Xg;I'm Into You;Jennifer Lopez;Pop;pop;640x352;259.646
IltwiyqKhEI;Player;Tinashe;pop,r&b,Chris Brown;hiphop;640x352;229.831
iMpxUVHL8W8;Strangers (feat. Lauren Jauregui);Halsey;Alternative;rock;640x272;215.480
iNa2-sHcIUY;No Type;New Beat Fund;Alternative,Rock;rock;640x352;264.590
ingU4oNUbEE;Nasty Freestyle (feat.Ty Dolla $ign & Chedda Da Connect);T-Wayne;Hip Hop;hiphop;640x352;301.232
iQUx0dp_BbM;Nothin' Like Me;Chris Brown;Hip Hop,R&B/Soul/Funk,Contemporary R&B;hiphop;640x352;253.653
IrgqUZaeRuc;Fine By Me;Chris Brown;american,party,rnb;hiphop;640x256;338.988
IZNRTJ6q3sY;Animals;Maroon 5;Pop;pop;640x320;234.638
J12t-MOYuYM;Ball out the Lot;DJ Drill;House,electronic,dance;electro;640x176;258.113
j4fXfxJCehY;Swang;Rae Sremmurd;Hip Hop;hiphop;640x352;441.133
J7Flypi2rrs;Tuesday;Chris Brown;Hip Hop;hiphop;640x272;291.085
Jd4ov1i-eJA;Drunk as Fuck;Ty Dolla Sign;Hip Hop;hiphop;640x352;221.030
jeWYdbi5CbM;Stand For;Ty Dolla $ign;Electro,Hip Hop;hiphop;640x256;197.625
jEy9ygty4JQ;Thug Cry;Rick Ross;hip hop,rap,Lil Wayne;hiphop;640x256;333.113
jKbR7u8J5PU;Fun;Pitbull;Dance,Pop;electro;640x352;241.186
jzhQEOuSQyw;Ghost;Halsey;Alternative;rock;640x352;154.040
_K6MoWuAXjQ;Pop Bottles;Birdman;Hip Hop,Dirty South;hiphop;640x352;237.331
K7KfDoBJ0bY;100 (feat. Kid Ink, Ty Dolla $ign, Iamsu!, & Tyga);Travis Barker;Hip Hop;hiphop;640x256;224.374
KAfOI37aK4A;Better Place;Saint Asonia;Pop,Rock;rock;640x352;568.541
Kf8608tigwQ;Must Get Out;Maroon 5;Pop;pop;624x352;500.133
kG-1kFGEYV8;Yuck!;2 Chainz;Hip Hop;hiphop;640x352;287.648
KiO2-R8yKjE;America;Imagine Dragons;France,Alternative,Pop,International Pop;rock;640x352;280.683
krpdSno_qXI;Blessings;Lecrae;Rap/Hip Hop;hiphop;640x352;233.616
kTcnP_-IQYc;Battle Cry;Imagine Dragons;Alternative;rock;640x256;269.537
Kwp3pVbVrh0;Fallen (feat. Ty Dolla $ign & Cam Wallace);Sevyn Streeter;rnb,pop,soul;hiphop;640x224;273.601
KxJTpDeKNjg;Mannequins (feat. Anthony Russo);Bazanji;rap;hiphop;640x352;197.997
kYfguGh_890;Lit Like Bic;Rae Sremmurd;Hip Hop;hiphop;640x240;309.267
KyPj6xVS08M;Hotel;Kid Ink;Hip Hop;hiphop;640x352;237.098
l03TayANCbc;Control;Halsey;indie,pop,indie pop;pop;640x352;214.528
lazyDlfaptM;Rolling in the Deep;Adele;Pop;pop;640x352;236.588
lBK3ae0pBGA;Polaroid;Imagine Dragons;Alternative;rock;640x352;231.223
LbouTdwOrVw;Faded;Tyga;Hip Hop;hiphop;640x352;217.014
lJlccP0VWCo;You Made Yet;Lil Wayne;rap,Hip-Hop,Dirty South;hiphop;640x352;382.432
LLSahvcy7fc;Boom (feat. MOTi, Ty Dolla $ign, Wizkid, & Kranium);Major Lazer;Electro;electro;640x256;184.575
LLTLqGusGOE;Lit Like Bic;Rae Sremmurd;Hip Hop;hiphop;640x240;249.242
ls6Lv2qL2Uw;Control;Halsey;indie,pop,indie pop;pop;640x352;215.992
lTurfn7vvCk;Prom Queen;Lil Wayne;Hip Hop;hiphop;640x256;219.034
m0YDvzOXpwI;Lost Stars;Adam Levine;Pop;pop;640x352;273.808
mGRBVUo7R7M;Lobby;821;Hip Hop,East Coast;hiphop;640x272;276.502
MGyJGbZKDmI;I Know How It Feel;Ace Hood;rap,Hip-Hop,Dirty South;hiphop;640x352;239.119
MKVBLu1zkog;Nothing But Trouble;Lil Wayne;Hip Hop;hiphop;640x352;224.607
MNS-Ho5tWo0;Go DJ;Lil Wayne;Hip Hop;hiphop;624x352;267.401
mS969DYxUSY;Always into Something;Stalley;Hip Hop;hiphop;640x272;194.048
mTF1d_1Kd80;Speaker;David Banner;Hip Hop;hiphop;640x352;225.512
Mx_CmyOCSyI;Sit Down;Kent Jones;Rap/Hip Hop;hiphop;640x256;277.920
mytLRy32Viw;Something Big;Shawn Mendes;Pop;pop;640x256;207.470
N17FXwRWEZs;Daylight;Maroon 5;Pop;pop;640x352;574.856
N6LDslTbW8o;Sugar;Maroon 5;Pop;pop;640x352;201.967
_Nb4EHY_2bI;God Bless Amerika;Lil Wayne;Hip Hop;hiphop;640x304;310.219
Nc7B6tk60eI;Mrs Mary Mack;Juicy J;Hip-Hop,rap,Dirty South;hiphop;640x352;231.248
n_lMnq-4kmc;Just A Feeling;Maroon 5;Pop;pop;640x352;242.555
nmjdaBaZe8Y;With You;Chris Brown;R&B/Soul/Funk,Contemporary R&B;hiphop;640x360;255.025
NMQ8QwVD7co;This Love;Roomie;C-pop,indie,female vocalists;pop;640x352;222.145
NnNnkPbXH6E;Banger;Juicy J;Hip Hop;hiphop;640x256;215.295
NPce-skLCt0;Cinderella;Mac Miller;Hip-Hop,rap,underground hip-hop;hiphop;640x272;480.560
nq4ojnkcwFs;I Don't Care;Guido Dos Santos;Electro;electro;640x352;219.777
n-Tj9dObRLE;Warriors;Imagine Dragons;Alternative;rock;640x256;176.797
nWCdG0RacIk;Keep It Goin' Louder (feat. Ricky Blaze & Nina Sky);Major Lazer;2009,dancehall,00s;electro;640x352;213.577
nxNnnR4XCyk;Jah No Partial;Major Lazer;electronic;electro;640x352;253.863
NXrLrg7U_6Y;Official Girl [Feat. Lil' Wayne];Cassie;Hip Hop,R&B/Soul/Funk,Contemporary R&B;hiphop;640x288;283.167
O8Z-T5VcP88;Castle;Halsey;pop,american,love at first listen;pop;640x352;274.506
Obt-vLEJ8jo;Lean On (feat. MØ & DJ Snake);Major Lazer;Electro;electro;640x352;204.591
oJ3XXubFxhA;Believer;Imagine Dragons;rock,alternative,indie rock;rock;640x352;221.193
OM8FCtZALyU;Sad;Maroon 5;pop,rock,maroon 5;rock;640x352;192.608
OQLuhelCaDQ;Back To Sleep;Chris Brown;Contemporary,american,r&b;hiphop;640x256;225.698
orhJ1TzREZU;Demons;Imagine Dragons;Alternative;rock;640x352;202.755
Or-ykUkRMeM;Sugar;Tyler Ward;Pop;pop;640x272;228.833
oUbpGmR1-QM;Down;Jay Sean;Pop,Rock,R&B/Soul/Funk;rock;640x256;223.608
OxxNSG1GM7M;The River;Imagine Dragons;France,Alternative,Pop,International Pop;rock;640x352;205.172
oy37OlRPomA;Radioactive;Imagine Dragons;Alternative;rock;640x352;191.563
p2cQSPRTdhg;No Flex Zone;Rae Sremmurd;Hip Hop;hiphop;640x352;288.113
p7K0ooqNWEo;Kriss Kross;C. Breezy;Rap/Hip Hop,Pop,R&B;hiphop;640x352;142.803
pOGljjwb_iQ;Take Me Home;Cash Cash;Dance;electro;640x352;216.177
PscXGpsF3dY;Roots;Imagine Dragons;love at first listen,alternative,pop;rock;640x256;238.701
PT7rNpBtytY;Bottom of the Bottle (feat. August Alsina & Lil Wayne);Curren$y;Hip-Hop,rap,Dirty South;hiphop;640x256;240.419
PxmT-E6sfn8;Closer;The Chainsmokers;electronic,2016,halsey;electro;640x352;272.113
Pyx-wNEttEk;Just for Tonight (feat. Chris Brown);migos;Hip Hop;hiphop;640x352;241.882
Q10AqolSgQg;$;Ty Dolla $ign;Hip-Hop,rap,rnb;hiphop;640x352;206.936
Q4dPrjh9wCc;Vitamin D;Ludacris;rap,ty dolla sign;hiphop;640x352;261.478
qFJ3VKnwmJw;Soldier;Destiny's Child;R&B;hiphop;640x352;244.042
qH1oww65y1Q;Throw Sum Mo;Rae Sremmurd;Hip Hop;hiphop;640x352;544.832
qpgTC9MDx1o;Animals;Maroon 5;Pop;pop;640x256;280.102
QptiPrhr6bo;ICE;Kelly Rowland;R&B/Soul/Funk;hiphop;640x352;252.796
QrbZ8UYvi14;Ballin';Young Jeezy;Hip Hop;hiphop;640x352;291.688
qteSJHiR-ls;Swalla (feat. Nicki Minaj & Ty Dolla $ign);Jason Derulo;Pop;pop;640x352;275.992
QXEGyrPxEvE;By Chance;Rae Sremmurd;Hip Hop;hiphop;640x352;194.722
r7Cge4cOo_o;Blasé (feat. Future & Rae Sremmurd);Ty Dolla $ign;Hip Hop;hiphop;640x352;299.095
rFo1UmS4sgE;Over Here;Rae Sremmurd;Hip Hop;hiphop;640x352;303.926
rFSWtsFqKJ4;Gravity (Stuck In The Middle);Chris Brown;rnb,Hip-Hop,Chris Brown;hiphop;640x272;241.348
RH4Kb865AK0;Turning Tables (Glee Cast Version featuring Gwyneth Paltrow);Glee Cast;Pop;pop;640x352;211.603
rhBwt9mw7Sk;Deuces;Chris Brown;R&B/Soul/Funk;hiphop;640x352;276.132
rhj_GGsb3So;Lil Wayne Remix;NIKSTYLZ;Hip Hop,Pop;hiphop;624x320;273.786
Rl3ELiPXFRo;Gold;Imagine Dragons;Alternative,Pop;rock;640x272;227.602
Rop0lzrsC7s;So Good;Zara Larsson;Ariana Grande,pop,rnb;hiphop;640x352;192.933
rPZtXYaY4do;Look Alive;Rae Sremmurd;Hip Hop;hiphop;640x240;225.814
rV8NHsmVMPE;Harder To Breathe;Maroon 5;Pop,International Pop;pop;624x352;174.986
rYEDA3JcQqw;Rolling in the Deep;Adele;Pop;pop;640x352;233.940
rZWwH1NJsKs;Skyfall;Madilyn Bailey;Rock;rock;640x352;263.825
s1XozsBN5Z4;Motivation;Kelly Rowland;Pop,Rock,R&B/Soul/Funk;rock;640x272;261.805
s6Nc4qEI3k4;Amsterdam;Imagine Dragons;France,Alternative,Pop,International Pop;rock;640x352;245.272
sAebYQgy4n4;Makes Me Wonder;Maroon 5;Pop,Rock;rock;640x352;222.842
-SBj50bho48;Private Show;T.I.;Hip Hop;hiphop;640x272;359.793
SCv9CkIRUio;Believer;Imagine Dragons;rock,alternative,indie rock;rock;640x352;237.656
se3TUhpn0II;One Touch (feat. AlunaGeorge and Rae Sremmurd);Baauer;Dance;electro;640x352;215.295
-sEvExZNllA;One Wine (feat. Major Lazer);Machel Montano;soca,trinidad,dancehall;electro;640x256;259.575
sGLOE9LVNmc;Take You Down;Chris Brown;R&B/Soul/Funk,Contemporary R&B;hiphop;640x352;228.693
sIWgF4QB89A;Show You;Shawn Mendes;Pop;pop;640x352;180.674
sncDtok7LRE;Hold Me Down;Halsey;halsey,indie,pop;pop;640x352;224.398
sNrNqcKXMKE;Superstar (feat. Ty Dolla $ign);Curren$y;Hip-Hop,rap,Dirty South;hiphop;640x272;249.637
snTZ7X8OMuc;Saved (feat. E-40);Ty Dolla $ign;R&B;hiphop;640x240;225.280
SS0aCc9e-mQ;Doggin';Sremm Life Crew;Rap/Hip-Hop;hiphop;640x240;225.234
SsAm32tesvg;Just Right For Me;Monica;R&B/Soul/Funk;hiphop;640x256;206.147
SUjitYrRFn0;Friction;Imagine Dragons;Alternative;rock;640x256;202.385
SYbh6ob_R9M;This Could Be Us;Rae Sremmurd;Hip Hop;hiphop;640x256;298.585
_t1gfn9aqiQ;Hello;Nicole Cross;pop,female vocalists,covers;pop;640x352;222.122
T7Z4dU8ZK40;Black and Yellow;Unknown;Hip Hop;hiphop;640x352;217.037
tdDF39UoZtg;Drive;Halsey;pop,love at first listen,indie;pop;640x352;267.098
tf_fT3HfHIk;Beautiful People;Chris Brown;Dance;electro;640x352;228.808
tIDlV6lkcT4;Stitches;Nicole Cross;pop,female vocalists,covers;pop;640x352;193.701
tISjbqqWc7U;Take Over the World;KiD Ink;Hip-Hop,rap,west coast;hiphop;640x352;208.027
tkClJp0jSgA;Set The Roof;Rae Sremmurd;Hip Hop;hiphop;640x272;208.747
tlnMVb2XVVk;Champion;Chipmunk;Hip-Hop,electronic,dance;hiphop;640x352;242.370
TmJ8wXJ9y3A;Don't You Remember;Adele;Pop;pop;640x256;281.333
-TniSwqqr6s;Low-Key (feat. Ty Dolla $ign & Raw Smoov);Baby Bash;Hip Hop,Pop,R&B/Soul/Funk;hiphop;640x304;221.936
TNsOqVBzrYo;Push;Enrique Iglesias;World,Central America/Carribean,South America,Dance,Pop,Rock;rock;640x352;232.292
TofVHNce9Hg;Hello;Alaine;reggae,dancehall,lovers rock;rock;640x352;290.900
ToP82VUjrNU;Imagine Dragons vs. Ylvis - The Radioactive Fox(Mashup);Imagine Dragons;indie,indie rock,alternative;rock;640x272;188.941
tpleNoWqvsc;Night Riders (feat. Travi$ Scott, 2 Chainz, Pusha T & Mad Cobra);Major Lazer;electronic,dance,Mad Cobra;electro;640x256;234.289
TSNerxNwWtU;I Can Only Imagine;David Guetta;pop,running,7 of 10 stars;pop;640x352;234.823
tU3p6mz-uxU;It's A Vibe (feat. Ty Dolla $ign, Trey Songz & Jhené Aiko);2 Chainz;Rap/Hip Hop;hiphop;640x352;199.993
TucHVw0NVR8;Set Fire to the Rain;Krizia;Pop;pop;640x352;252.795
u6nuMv6sULw;Battle Cry;Imagine Dragons;Alternative;rock;640x304;287.835
U9FXpzwCyRQ;Extra;K Camp;Hip-Hop,rap,hip hop;hiphop;640x352;240.140
udb1jmH-37I;Daylight;Alex G;Pop;pop;640x288;167.763
UHNNmu2KzW0;Sugar;Maroon 5;Pop;pop;640x320;248.105
UiAujAOzePk;Start A Party;Rae Sremmurd;Hip Hop;hiphop;640x256;216.665
uIsT-9DQMnE;All Back;Chris Brown;R&B/Soul/Funk;hiphop;640x352;282.517
UkiHbmreLaQ;No Flex Zone;Rae Sremmurd;Hip Hop;hiphop;640x240;231.780
uMhalar35IY;Real Chill;Rae Sremmurd;Hip Hop;hiphop;640x224;267.099
uNSBq6hvU1s;Goodnight Goodnight;Maroon 5;Alternative,Indie Rock,Pop,Indie Pop/Folk,Rock;rock;624x352;247.966
UROLAsyc_KU;A Milli;Lil Wayne;Hip Hop;hiphop;640x352;246.619
UzCcgwtvOf0;Runaway;Maroon 5;Pop;pop;640x352;180.001
v4gCRuoviw0;Choppin Blades (feat. Jody Highroller & Slim Jxmmi);Mike Will Made-It;Hip Hop;hiphop;640x272;364.112
v52AqofLXXM;Running Back;Wale;Hip-Hop,rap,hip hop;hiphop;640x272;218.870
V7m8oZeY-7k;Full House;Wiz Khalifa;Hip-Hop,rap,underground hip-hop;hiphop;640x352;245.527
_VBG02qe8F4;Same Ho*s (feat. Ty$, Nipsey Hussle);The Game;Hip Hop;hiphop;640x240;229.460
VBppx70Ebjk;Amsterdam;Imagine Dragons;France,Alternative,Pop,International Pop;rock;640x352;245.248
VdXQ5wAtr1M;I See You (feat. Chris Brown);Kap G;Rap/Hip Hop;hiphop;640x256;172.664
vH020rDYBXo;Gasoline;Halsey;love at first listen,indie pop,amazing;pop;640x352;230.433
vHJAUuicC0Q;Dirty Dancer;Enrique Iglesias;Latin / Pop;pop;640x272;256.302
VICB2228hb8;Shell It Down (feat. T.O.K);Major Lazer;Electro;electro;640x352;193.328
vkK70XE6dS8;Everything 100 (feat. Ty Dolla $ign);Bone Thugs-N-Harmony;Hip Hop;hiphop;640x352;213.762
VlMEGBsw6j8;Won't Go Home Without You;Maroon 5;Alternative,Indie Rock,Pop,Indie Pop/Folk,Rock;rock;640x352;253.608
VMCDTHx6cDI;Monster;Imagine Dragons;Alternative;rock;640x352;239.188
vuEVH1OtVl4;Brown Sugar (feat. Lil Wayne);Ray J;R&B/Soul/Funk;hiphop;640x352;265.055
vxIMLHEKPUE;Payphone;Tiffany Alvord feat. Jervy Hou;Pop;pop;640x272;237.005
W_0rrS4seLo;Swang;Rae Sremmurd;Hip Hop;hiphop;640x352;208.258
w6QGe-pXgdI;Run It!;Chris Brown;Hip Hop,Pop,R&B/Soul/Funk,Contemporary R&B;hiphop;640x352;249.475
Wa64gOwuIyE;This Summer's Gonna Hurt Like A MotherF****r;Maroon 5;Pop;pop;640x352;326.914
WaV4Bc31OPA;Wit Me (feat. Lil Wayne);T.I.;Hip Hop;hiphop;640x224;314.235
WBKnpyoFEBo;No Air;Jordin Sparks;Pop;pop;640x304;287.904
_wmD3M-BfVo;Best Love Song;T-Pain;Hip Hop;hiphop;640x352;229.576
wnUD7T5hQAs;Don't Think They Know;Chris Brown;R&B/Soul/Funk;hiphop;640x256;296.147
wROiQkB5-vM;Bounce;Kid Red;Hip-Hop,IGN;hiphop;640x272;249.057
wXHX_MOPWCs;Dreams;Tish Hyman;rnb,Hip-Hop,hip hop;hiphop;640x352;243.088
wzMrK-aGCug;No Type;Rae Sremmurd;Hip Hop;hiphop;640x240;197.439
XgFiWGIVP6s;It Won't Stop (feat. Chris Brown);Sevyn Streeter;R&B/Soul/Funk;hiphop;640x256;277.200
xgJyoKUHzpQ;Rumour Has It;Adele;Pop;pop;640x352;278.058
xH5t1WBPGbU;Ladies;Guido Dos Santos;Dance;electro;640x272;210.743
XPpTgCho5ZA;This Love;Maroon 5;Alternative,Indie Rock,Pop,Indie Pop/Folk,Rock;rock;624x352;202.432
XQbdsq05Khg;Long Time (feat. Quavo);Ty Dolla $ign;Hip-Hop;hiphop;640x352;189.822
XTWDTBkj6xU;So Good;Zara Larsson;Ariana Grande,pop,rnb;hiphop;640x352;174.150
y5gre_VD2MM;Animals;Ali Brustofski feat. PopGun;Pop;pop;640x352;231.665
Y7ix6RITXM0;Maps (Reflex Remix);Maroon 5;rock,pop,pop rock;rock;640x352;189.057
y8Gf4-eT3w0;How To Love;Lil Wayne;Hip Hop;hiphop;640x256;321.829
yABPLSymyHk;Control;Halsey;indie,pop,indie pop;pop;640x352;223.120
YAg6cLi1lic;Swang;Rae Sremmurd;Hip Hop;hiphop;640x352;245.667
YazYP7ngaE8;Fuck The City Up;Chris Brown;rnb,Hip-Hop,Chris Brown;hiphop;640x352;170.272
YcEgXlYIFi8;He Won't Go;Adele;Pop;pop;640x352;270.512
yFk8k3npvpo;Put On My N*ggas (feat. Chris Brown);The Menace;Hip Hop;hiphop;640x352;341.821
Ylp0mjGk5mo;Sunrise;Jillionaire;electronic,EDM,fatman scoop;electro;624x320;202.757
yn_6LC4loY8;Yo (Excuse Me Miss);Chris Brown;Hip Hop,R&B/Soul/Funk;hiphop;640x352;282.471
YvC84NpZ3Y4;Picture Me Rollin';Chris Brown;rnb,Hip-Hop,Chris Brown;hiphop;640x256;313.609
_y_Xpps46Uc;Coco;Lil Wayne;Hip Hop;hiphop;640x256;246.085
YZx5WXwNUVM;By Chance;Rae Sremmurd;Hip Hop;hiphop;640x320;222.378
z29nI8RQV0U;Don't Judge Me;Chris Brown;R&B/Soul/Funk;hiphop;640x256;291.689
Z4ufe-B_C2Y;Crawl;Chris Brown;R&B/Soul/Funk;hiphop;640x256;245.505
ZBx-M2oRBLg;Duffle Bag Boy;Playaz Circle;Playaz Circle Duffle Bag Boy,Lil Wayne,rap;hiphop;640x352;233.128
ZC1F_gq2wY4;That Got Damn (Freestyle) (feat. Swae Lee, Jace & Andrea);Mike Will Made-It;Hip Hop;hiphop;640x256;185.342
ZoWsL3vXSLw;Fire Flame;Birdman;Hip Hop;hiphop;640x352;299.746
Zpeb0PSeU9A;Selsun Blue;Lil Wayne;Hip Hop;hiphop;640x352;182.880
ZQnCHHiziEs;Never Be The Same (feat. Jay Rock);Ty Dolla $ign;Hip Hop;hiphop;640x352;262.780
zsOoCtj2pw4;Warriors;Imagine Dragons;Alternative;rock;640x352;230.968
ZXIA-U2mL3U;Welcome To My Hood;DJ Khaled;Hip Hop,Pop,Rock;rock;640x352;338.617
